project_id,week_end,labor_cost_td,material_cost_td,earned_labor_cost_td,earned_material_cost_td,total_billed_td,ot_hours_td,st_hours_td,total_cost_td,earned_cost_td,burn_mult_cost,labor_burn_mult_cost,material_burn_mult_cost,ot_ratio_td,billing_lag_ratio
PRJ-2024-001,2024-03-31,8261.279999999999,0.0,0.0,0.0,0.0,10.0,72.0,8261.279999999999,0.0,8261279999999.998,8261279999999.998,0.0,0.1219512195107079,
PRJ-2024-001,2024-04-07,19425.68,0.0,0.0,0.0,0.0,20.0,200.0,19425.68,0.0,19425680000000.0,19425680000000.0,0.0,0.09090909090867769,
PRJ-2024-001,2024-04-14,31073.67,46509.65,0.0,0.0,0.0,26.0,330.0,77583.32,0.0,77583320000000.0,31073669999999.996,46509650000000.0,0.0730337078649634,
PRJ-2024-001,2024-04-21,46173.66,0.0,0.0,0.0,0.0,36.0,490.0,46173.66,0.0,46173660000000.0,46173660000000.0,0.0,0.06844106463865315,
PRJ-2024-001,2024-04-28,59215.95999999999,0.0,0.0,0.0,0.0,44.0,640.0,59215.95999999999,0.0,59215959999999.984,59215959999999.984,0.0,0.06432748538002292,
PRJ-2024-001,2024-05-05,72140.51999999999,0.0,0.0,0.0,0.0,50.0,796.0,72140.51999999999,0.0,72140519999999.98,72140519999999.98,0.0,0.05910165484626584,
PRJ-2024-001,2024-05-12,83488.54,0.0,0.0,0.0,0.0,54.0,932.0,83488.54,0.0,83488539999999.98,83488539999999.98,0.0,0.05476673427986332,
PRJ-2024-001,2024-05-19,97548.59999999999,294361.67,0.0,0.0,0.0,62.0,1100.0,391910.26999999996,0.0,391910269999999.94,97548599999999.98,294361669999999.94,0.05335628227189901,
PRJ-2024-001,2024-05-26,111594.43,340871.32,137338.15,147024.45,2944900.0,80.0,1228.0,452465.75,284362.6,1.5911577331196103,0.8125523024738516,2.3184668944518934,0.0611620795106566,0.1536438418961594
PRJ-2024-001,2024-06-02,126003.55,340871.32,93003.2,44821.25,1460300.0,92.0,1380.0,466874.87,137824.45,3.3874604252002936,1.3548302639048833,7.605127478595363,0.06249999999995754,0.31971161405190696
PRJ-2024-001,2024-06-09,136163.94999999998,340871.32,93003.2,44821.25,1460300.0,96.0,1508.0,477035.27,137824.45,3.4611802913053276,1.4640781177421693,7.605127478595363,0.05985037406480059,0.32666936245976835
PRJ-2024-001,2024-06-16,94588.22,340871.32,76434.7,34018.25,1191800.0,86.0,1054.0,435459.54000000004,110452.95,3.9424889964459626,1.2375036469038114,10.020248543061152,0.0754385964911619,0.36537971136096636
PRJ-2024-001,2024-06-23,185640.77,402318.9,320751.35,319876.95,6573200.0,134.0,2050.0,587959.67,640628.3,0.9177859766732114,0.5787684759549708,1.2577301990656056,0.061355311355283264,0.08944801162295381
PRJ-2024-001,2024-06-30,229339.61000000002,667641.02,197261.19999999998,94873.95,3096400.0,156.0,2542.0,896980.63,292135.14999999997,3.0704303470499767,1.1626189539554606,7.037137380703481,0.05782060785765092,0.28968499870817715
PRJ-2024-001,2024-07-07,282800.32999999996,1978444.52,229164.94999999998,193343.0,4435000.0,188.0,3102.0,2261244.85,422507.94999999995,5.351958111084052,1.234047047770607,10.232822083033726,0.05714285714283977,0.509863551296505
PRJ-2024-001,2024-07-14,335224.25,1384246.7200000002,218911.69999999998,152622.95,3861400.0,248.0,3638.0,1719470.9700000002,371534.65,4.628023173612463,1.5313217612397991,9.069715399944707,0.06381883685021518,0.44529729372766347
PRJ-2024-001,2024-07-21,384495.43,2207183.66,487237.45,469352.6,9779400.0,290.0,4168.0,2591679.0900000003,956590.05,2.7092891986488854,0.7891335733737199,4.702613046140568,0.06505159264242595,0.26501412049819006
PRJ-2024-001,2024-07-28,432114.04999999993,1481799.0899999999,314343.75,269190.19999999995,6100400.0,318.0,4692.0,1913913.1399999997,583533.95,3.279865961526311,1.3746544984590867,5.50465466424853,0.0634730538922029,0.3137356796275653
PRJ-2024-001,2024-08-04,478049.35,791876.61,281770.05,135835.4,4423300.0,354.0,5196.0,1269925.96,417605.44999999995,3.0409707536144395,1.6965939069819462,5.829677757050034,0.06378378378377228,0.28709921551782597
PRJ-2024-001,2024-08-11,533452.7,791876.61,281770.05,135835.4,4423300.0,380.0,5800.0,1325329.31,417605.44999999995,3.1736398794603784,1.8932200210774641,5.829677757050034,0.061488673139148624,0.2996245585874799
PRJ-2024-001,2024-08-18,581027.98,2186858.6,312785.64999999997,218564.2,5521600.0,394.0,6344.0,2767886.58,531349.85,5.209160367693705,1.8575915487171428,10.005566327879817,0.058474324725429135,0.501283428716314
PRJ-2024-001,2024-08-25,634389.0499999999,4772803.2,600108.9,570492.5,12003100.0,422.0,6918.0,5407192.25,1170601.4,4.61915751168587,1.0571232154697237,8.366110334491674,0.057493188010891344,0.45048297939698906
PRJ-2024-001,2024-09-01,689340.6199999999,1327447.96,336255.15,162092.05,5280400.0,454.0,7512.0,2016788.5799999998,498347.2,4.046954773699934,2.050052229683316,8.18946987221145,0.056992216921911,0.3819385993485341
PRJ-2024-001,2024-09-08,735465.86,1715628.3,394752.15,182571.55,6050500.0,484.0,8020.0,2451094.16,577323.7,4.245614999003152,1.8631079273412396,9.397018867397417,0.056914393226710144,0.40510605073960826
PRJ-2024-001,2024-09-15,774895.84,5796677.0600000005,488193.75,510101.5,10344500.0,510.0,8468.0,6571572.9,998295.25,6.582794919639248,1.587271119304576,11.36377183756564,0.056805524615721005,0.6352721639518584
PRJ-2024-001,2024-09-22,823549.12,5902785.95,705108.0,666289.15,14095100.0,554.0,8990.0,6726335.07,1371397.15,4.904731696430896,1.1679758561808953,8.859195666025764,0.05804694048616323,0.4772108796674021
PRJ-2024-001,2024-09-29,680270.49,5902785.95,533282.75,574360.65,11480800.0,444.0,7466.0,6583056.44,1107643.4,5.943299477069963,1.2756281541077386,10.277141983873703,0.0561314791403216,0.5733970141453557
PRJ-2024-001,2024-10-06,726569.0099999999,5902785.95,533282.75,574360.65,11480800.0,486.0,7970.0,6629354.96,1107643.4,5.985098597617243,1.3624461132485506,10.277141983873703,0.05747398297066491,0.577429705247021
PRJ-2024-001,2024-10-13,777809.96,5902785.95,533282.75,574360.65,11480800.0,530.0,8514.0,6680595.91,1107643.4,6.03135983115143,1.4585320076450972,10.277141983873703,0.05860238832374407,0.5818928916103406
PRJ-2024-001,2024-10-20,1007852.0,6043223.98,810562.55,758210.1,16161900.0,676.0,11024.0,7051075.98,1568772.65,4.494644893254607,1.2433981806832781,7.970381797868417,0.057777777777772835,0.4362776641360236
PRJ-2024-001,2024-10-27,866812.89,6043223.98,603286.8,647334.3,12973900.0,576.0,9510.0,6910036.87,1250621.1,5.525284092839946,1.4368172650222057,9.33555348449787,0.05710886377155888,0.5326106159289034
PRJ-2024-001,2024-11-03,914943.37,7131418.9,699830.85,695949.3,14289200.0,608.0,10030.0,8046362.2700000005,1395780.15,5.7647776908132675,1.307377875668097,10.247037966702443,0.05715360030080305,0.5631079605576239
PRJ-2024-001,2024-11-10,953465.32,7198365.82,603286.8,647334.3,12973900.0,634.0,10452.0,8151831.140000001,1250621.1,6.51822613579764,1.5804511552382685,11.12001298247287,0.05718924769979639,0.6283254179545086
PRJ-2024-001,2024-11-17,1183304.81,7615200.19,918477.7,854597.35,18277100.0,806.0,12914.0,8798505.0,1773075.0499999998,4.962285719377753,1.2883326508634871,8.910863332304963,0.058746355685126914,0.48139502437476406
PRJ-2024-001,2024-11-24,1049770.93,7553485.79,674138.95,723794.0499999999,14491800.0,716.0,11446.0,8603256.72,1397933.0,6.154269711066264,1.5572026063766207,10.43596004968539,0.05887189606972053,0.5936637767565105
PRJ-2024-001,2024-12-01,1096389.64,8535784.6,674138.95,723794.0499999999,14491800.0,754.0,11976.0,9632174.24,1397933.0,6.890297489221582,1.6263555755085777,11.793112419202656,0.059230164964645775,0.6646637574352392
PRJ-2024-001,2024-12-08,1139593.02,8535784.6,674138.95,723794.0499999999,14491800.0,782.0,12464.0,9675377.62,1397933.0,6.921202675664708,1.6904423338838355,11.793112419202656,0.05903669032160207,0.6676449868201326
PRJ-2024-001,2024-12-15,1190687.32,9127905.16,674138.95,723794.0499999999,14491800.0,808.0,13030.0,10318592.48,1397933.0,7.381321193504977,1.7662342755896219,12.611191208327822,0.0583899407428777,0.71202973267641
PRJ-2024-001,2024-12-22,1426439.99,9560484.4,1026481.55,950875.8,20406500.0,952.0,15618.0,10986924.39,1977357.35,5.556367638859003,1.3896401645017376,10.054398692237188,0.05745322872661089,0.53840317496876
PRJ-2024-001,2024-12-29,1286953.28,9496959.92,806682.8,834670.2000000001,16845800.0,846.0,14146.0,10783913.2,1641353.0,6.570136466683275,1.5953647208047552,11.378098702936786,0.05643009605122355,0.640154412375785
PRJ-2024-001,2025-01-05,1332197.07,9301573.049999999,745533.8,800219.7000000001,16026800.0,874.0,14636.0,10633770.12,1545753.5,6.879344035125906,1.7869036521214707,11.623774133528562,0.0563507414571208,0.6634992712207052
PRJ-2024-001,2025-01-12,1381982.56,9446744.75,745533.8,800219.7000000001,16026800.0,900.0,15176.0,10828727.31,1545753.5,7.005468407478937,1.8536819658612367,11.805188937488026,0.05598407564070316,0.6756637201437592
PRJ-2024-001,2025-01-19,1617222.8499999999,10098160.68,1132946.55,1047293.0,22507600.0,1056.0,17734.0,11715383.53,2180239.55,5.373438680167046,1.4274484970186798,9.642154277742703,0.056200106439592536,0.5205078964438679
PRJ-2024-001,2025-01-26,1477522.88,9706561.82,909576.35,932815.5,18920800.0,952.0,16238.0,11184084.7,1842391.85,6.070415856431406,1.6244077586230097,10.40566094795808,0.05538103548574431,0.5910999904866602
PRJ-2024-001,2025-02-02,1523629.0,9883117.02,815075.1,876753.0,17537000.0,970.0,16770.0,11406746.02,1691828.1,6.742260646929787,1.8693111837179153,11.272407416912161,0.054678692220966475,0.6504388447282887
PRJ-2024-001,2025-02-09,1572053.0899999999,11043818.96,884017.6,915594.25,18459500.0,1006.0,17274.0,12615872.05,1799611.85,7.010329505220803,1.7783051943762183,12.061913844478587,0.055032822757108586,0.6834351986781875
PRJ-2024-001,2025-02-16,1809526.64,11512738.38,1240024.45,1140374.55,24597400.0,1174.0,19848.0,13322265.020000001,2380399.0,5.596652082276961,1.4592669039711261,10.095576387600014,0.05584625630291809,0.541612732239993
PRJ-2024-001,2025-02-23,1660801.64,10526169.450000001,885979.5,950390.8,19039400.0,1074.0,18240.0,12186971.090000002,1836370.3,6.636445323690976,1.8745373228161577,11.075622207201489,0.05560733146939755,0.6400921820015337
PRJ-2024-001,2025-03-02,468183.22,2422461.36,415952.15,350483.25,7465100.0,286.0,5110.0,2890644.58,766435.4,3.771543668259577,1.1255699002878068,6.911774984967165,0.05300222386952316,0.38722114640125377
PRJ-2024-001,2025-03-09,519200.88999999996,2422461.36,415952.15,350483.25,7465100.0,320.0,5660.0,2941662.25,766435.4,3.838108534652752,1.2482226381087311,6.911774984967165,0.05351170568560978,0.3940553040146816
PRJ-2024-001,2025-03-16,692889.3999999999,2975773.76,527096.45,389394.3,8928000.0,422.0,7618.0,3668663.1599999997,916490.75,4.002946194492411,1.3145400618805128,7.642057831868603,0.052487562189048195,0.41091657258064507
PRJ-2024-001,2025-03-23,2044385.0399999998,12741140.17,1346059.15,1237612.5,26717100.0,1306.0,22390.0,14785525.209999999,2583671.65,5.72267966403548,1.5187928702835967,10.294934941267957,0.05511478730587208,0.5534105576578295
PRJ-2024-001,2025-03-30,672114.2899999999,3410338.24,454418.75,382180.2,8146200.0,402.0,7300.0,4082452.5300000003,836598.95,4.87982028904052,1.4790637270139018,8.923377610875685,0.05219423526356112,0.5011480849966855
PRJ-2024-001,2025-04-06,1136791.8299999998,8855097.74,709049.55,785510.6,14939800.0,700.0,12430.0,9991889.57,1494560.15,6.685505143436345,1.6032614786935526,11.273046780017976,0.05331302361004925,0.6688101293190002
PRJ-2024-001,2025-04-13,765822.65,3541401.64,454418.75,382180.2,8146200.0,452.0,8348.0,4307224.29,836598.95,5.148493540423395,1.6852796016889673,9.266313744144753,0.051363636363630526,0.52874030713707
PRJ-2024-001,2025-04-20,2228308.27,14145865.85,1440318.95,1324732.3,28610300.0,1420.0,24410.0,16374174.12,2765051.25,5.921833861126442,1.5470936281161882,10.678282585847713,0.05497483546263821,0.5723174563007029
PRJ-2024-001,2025-04-27,853887.8499999999,3541401.64,484414.85,407209.6,8678300.0,508.0,9298.0,4395289.49,891624.45,4.929530016813688,1.7627202180114796,8.696753809340427,0.05180501733631941,0.5064689501400043
PRJ-2024-001,2025-05-04,889229.5499999999,3541401.64,484414.85,407209.6,8678300.0,528.0,9674.0,4430631.19,891624.45,4.9691674448810765,1.8356777254041616,8.696753809340427,0.05175455792981261,0.5105413721581415
PRJ-2024-001,2025-05-11,939021.82,3644059.32,484414.85,407209.6,8678300.0,560.0,10228.0,4583081.14,891624.45,5.140147446607139,1.9384662134119095,8.948854152750798,0.051909529106409724,0.5281081709551408
PRJ-2024-001,2025-05-18,2406623.14,14248523.53,1535414.5,1411797.25,30517100.0,1532.0,26338.0,16655146.67,2947211.75,5.65115372860467,1.5674094128979494,10.092471514588933,0.05496950125582867,0.5457643966825158
PRJ-2024-001,2025-05-25,1002796.04,3808169.4299999997,514924.7,433361.14999999997,9222100.0,612.0,10920.0,4810965.47,948285.85,5.0733283323799405,1.947461522043899,8.787519208863072,0.05306971904265929,0.5216778683813881
PRJ-2024-001,2025-06-01,1020713.31,3892827.33,514924.7,433361.14999999997,9222100.0,634.0,11088.0,4913540.640000001,948285.85,5.181497372337671,1.9822574252118768,8.982871053392746,0.054086333390201836,0.5328006245865908
PRJ-2024-001,2025-06-08,921754.62,3279691.05,415527.6,377362.19999999995,7892400.0,588.0,10018.0,4201445.67,792889.7999999999,5.298902407371106,2.218275320339727,8.691095849027782,0.05544031680180506,0.5323406910445491
PRJ-2024-001,2025-06-15,2297368.65,14497291.54,1581214.25,1473960.7,31669700.0,1468.0,25142.0,16794660.189999998,3055174.95,5.497118975134302,1.452914208178935,9.835602496050262,0.05516723036452254,0.5303068923924129
PRJ-2024-001,2025-06-22,1079674.27,3892827.33,543975.95,457645.95,9738400.0,676.0,11716.0,4972501.6,1001621.8999999999,4.964449758935976,1.9847830956497214,8.506198579928418,0.05455132343446945,0.5106076562885072
PRJ-2024-001,2025-06-29,1096534.4899999998,3892827.33,543975.95,457645.95,9738400.0,684.0,11908.0,4989361.82,1001621.8999999999,4.981282677625155,2.015777517370019,8.506198579928418,0.054320203303680564,0.5123389694405651
PRJ-2024-001,2025-07-06,1112786.13,4135279.81,543975.95,457645.95,9738400.0,698.0,12070.0,5248065.9399999995,1001621.8999999999,5.239567884847561,2.0456531763950188,9.035980346816116,0.054667919799494466,0.5389043313069907
PRJ-2024-001,2025-07-13,1131142.69,4135279.81,569698.35,472332.05,10114400.0,706.0,12276.0,5266422.5,1042030.3999999999,5.054000823776346,1.985511613294997,8.75502691379929,0.05438299183484406,0.5206856066598117
PRJ-2024-001,2025-07-20,2386279.4899999998,14739744.02,1672207.5,1560227.15,33516600.0,1532.0,26074.0,17126023.509999998,3232434.65,5.298180895938605,1.4270235541940808,9.447178265036595,0.05549518220676464,0.510971384627319
PRJ-2024-001,2025-07-27,591511.41,675680.68,315114.9,188487.6,5528100.0,350.0,6474.0,1267192.09,503602.5,2.516254565853024,1.8771292947429592,3.5847487049545776,0.05128956623680374,0.2292274181002514
PRJ-2024-001,2025-08-03,607090.9099999999,675680.68,315114.9,188487.6,5528100.0,356.0,6648.0,1282771.5899999999,503602.5,2.5471906712138983,1.9265699908192153,3.5847487049545776,0.05082809822957583,0.2320456558311173
PRJ-2024-001,2025-08-10,624305.0499999999,675680.68,315114.9,188487.6,5528100.0,364.0,6838.0,1299985.73,503602.5,2.5813726699132697,1.9811981280478896,3.5847487049545776,0.050541516245480346,0.23515959009424572
PRJ-2024-001,2025-08-17,641785.7699999999,675680.68,315114.9,188487.6,5528100.0,372.0,7014.0,1317466.45,503602.5,2.6160840146742665,2.0366722424106185,3.5847487049545776,0.050365556458157275,0.23832174707403986
PRJ-2024-001,2025-08-24,658453.2,675680.68,315114.9,188487.6,5528100.0,374.0,7210.0,1334133.88,503602.5,2.649180415109133,2.0895654251829976,3.5847487049545776,0.049314345991554674,0.24133678479043427
PRJ-2024-001,2025-08-31,676729.16,675680.68,315114.9,188487.6,5528100.0,384.0,7418.0,1352409.84,503602.5,2.6854708624361425,2.1475631904425905,3.5847487049545776,0.04921814919250843,0.24464279589732454
PRJ-2024-001,2025-09-07,696025.6599999999,675680.68,315114.9,188487.6,5528100.0,396.0,7628.0,1371706.3399999999,503602.5,2.7237877889803905,2.2087995838978025,3.5847487049545776,0.049351944167491356,0.24813341654456317
PRJ-2024-001,2025-09-14,2383223.5999999996,10380012.3,1573782.05,1136728.5,28242600.0,1512.0,25998.0,12763235.9,2710510.55,4.708794031441788,1.5143288741919494,9.13147888875839,0.0549618320610667,0.45191433862321456
PRJ-2024-001,2025-09-21,732027.0399999999,675680.68,315716.7,188827.5,5540800.0,420.0,8002.0,1407707.72,504544.2,2.790058274379127,2.318619952634744,3.5782959579510214,0.04986938969365354,0.2540621787467513
PRJ-2024-001,2025-09-28,747362.7499999999,675680.68,315716.7,188827.5,5540800.0,428.0,8166.0,1423043.43,504544.2,2.8204534508572237,2.367194228243224,3.5782959579510214,0.04980218757271936,0.2568299577678313
PRJ-2024-001,2025-10-05,756710.69,675680.68,315716.7,188827.5,5540800.0,432.0,8268.0,1432391.37,504544.2,2.838980945574238,2.3968028615527706,3.5782959579510214,0.04965517241378739,0.2585170679324285
PRJ-2024-001,2025-10-19,2106671.6599999997,14739744.02,1579623.35,1507907.0,32150400.0,1358.0,22928.0,16846415.68,3087530.35,5.45627533021659,1.3336544183143395,9.774968893970245,0.05591698921188932,0.5239877475863441
PRJ-2024-002,2024-02-11,15479.92,0.0,0.0,0.0,0.0,10.0,180.0,15479.92,0.0,15479920000000.0,15479920000000.0,0.0,0.05263157894709142,
PRJ-2024-002,2024-02-18,29569.14,0.0,0.0,0.0,0.0,34.0,312.0,29569.14,0.0,29569139999999.996,29569139999999.996,0.0,0.09826589595347322,
PRJ-2024-002,2024-02-25,45798.53999999999,0.0,0.0,0.0,0.0,42.0,490.0,45798.53999999999,0.0,45798539999999.99,45798539999999.99,0.0,0.07894736842090423,
PRJ-2024-002,2024-03-03,56418.7,0.0,0.0,0.0,0.0,48.0,618.0,56418.7,0.0,56418699999999.99,56418699999999.99,0.0,0.07207207207196385,
PRJ-2024-002,2024-03-10,70519.85999999999,141903.42,0.0,0.0,0.0,54.0,788.0,212423.28,0.0,212423280000000.0,70519859999999.98,141903420000000.0,0.06413301662700222,
PRJ-2024-002,2024-03-17,81413.45999999999,0.0,0.0,0.0,0.0,62.0,910.0,81413.45999999999,0.0,81413459999999.98,81413459999999.98,0.0,0.06378600823038705,
PRJ-2024-002,2024-03-24,93506.42,111305.34,0.0,0.0,0.0,72.0,1036.0,204811.76,0.0,204811760000000.0,93506420000000.0,111305339999999.98,0.0649819494584251,
PRJ-2024-002,2024-03-31,105609.29999999999,253208.76,99886.1,108579.35,1960700.0,76.0,1174.0,358818.06,208465.45,1.7212351495175737,1.05729726158093,2.332015802268089,0.06079999999995136,0.18300507981843211
PRJ-2024-002,2024-04-07,119442.01999999999,0.0,22621.649999999998,13024.95,316300.0,78.0,1338.0,119442.01999999999,35646.6,3.350726857540317,5.27998709201118,0.0,0.055084745762672964,0.3776225735061638
PRJ-2024-002,2024-04-14,132202.66,0.0,22621.649999999998,13024.95,316300.0,78.0,1492.0,132202.66,35646.6,3.708703214331698,5.84407680253183,0.0,0.04968152866238874,0.4179660448940866
PRJ-2024-002,2024-04-21,147622.90999999997,253208.76,68175.45,40710.15,1026600.0,94.0,1644.0,400831.67,108885.6,3.6812183612892455,2.1653382559264047,6.219794326476169,0.05408515535094702,0.39044581141632534
PRJ-2024-002,2024-04-28,157332.99,336296.12,205014.45,222756.35,4047500.0,106.0,1758.0,493629.11,427770.80000000005,1.1539570022077215,0.7674239059734532,1.5097038535601723,0.056866952789669065,0.12195901420630015
PRJ-2024-002,2024-05-05,170770.19,336296.12,136050.0,81409.7,2057700.0,118.0,1904.0,507066.31,217459.7,2.3317714040808375,1.255201690554934,4.130909707319838,0.058358061325391515,0.24642382757447626
PRJ-2024-002,2024-05-12,185550.78999999998,336296.12,136050.0,81409.7,2057700.0,128.0,2064.0,521846.91,217459.7,2.399740779555925,1.3638426313855099,4.130909707319838,0.058394160583914966,0.2536068960489866
PRJ-2024-002,2024-05-19,199389.03999999998,336296.12,136050.0,81409.7,2057700.0,146.0,2214.0,535685.1599999999,217459.7,2.463376708419985,1.4655570746049138,4.130909707319838,0.061864406779634805,0.26033200174952603
PRJ-2024-002,2024-05-26,214872.15999999997,336296.12,136050.0,81409.7,2057700.0,160.0,2366.0,551168.28,217459.7,2.5345766594913792,1.5793617052554092,4.130909707319838,0.06334125098968198,0.2678564805365212
PRJ-2024-002,2024-06-02,254747.51,798286.5100000001,335738.45,350360.45,6547200.0,180.0,2836.0,1053034.02,686098.9,1.5348137418672416,0.7587677550783929,2.278472099233797,0.05968169761271231,0.16083730755131964
PRJ-2024-002,2024-06-09,297510.7,798286.5100000001,210102.55,125682.20000000001,3181400.0,214.0,3302.0,1095797.2100000002,335784.75,3.2633918306295833,1.4160261262892746,6.351627438093809,0.06086461888507939,0.3444386779405293
PRJ-2024-002,2024-06-16,351150.12,2621330.88,255786.05,259824.6,4914600.0,246.0,3870.0,2972481.0,515610.65,5.764972077283497,1.372827486096285,10.088847938185953,0.059766763848381976,0.6048266389940177
PRJ-2024-002,2024-06-23,398871.52999999997,798286.5100000001,210102.55,125682.20000000001,3181400.0,278.0,4414.0,1197158.04,335784.75,3.5652543482096686,1.898461156230603,6.351627438093809,0.05924978687125761,0.3762991261708681
PRJ-2024-002,2024-06-30,445320.19999999995,3003084.26,445092.39999999997,455238.4,8626200.0,314.0,4914.0,3448404.46,900330.8,3.830152717201273,1.0005118038411778,6.596728790892844,0.060061208875275426,0.39975939115717224
PRJ-2024-002,2024-07-07,497960.25,994192.4700000001,269150.6,160777.1,4068800.0,338.0,5504.0,1492152.7200000002,429927.69999999995,3.470706167571889,1.850117555004515,6.183669627079938,0.05785689832248239,0.3667304168305151
PRJ-2024-002,2024-07-14,541346.26,994192.4700000001,269150.6,160777.1,4068800.0,370.0,5964.0,1535538.73,429927.69999999995,3.5716208329912136,2.011313591721505,6.183669627079938,0.058414903694338736,0.3773935140581989
PRJ-2024-002,2024-07-21,580178.24,994192.4700000001,269150.6,160777.1,4068800.0,392.0,6396.0,1574370.71,429927.69999999995,3.6619429499425054,2.1555896215724504,6.183669627079938,0.057748968768406336,0.38693735499410137
PRJ-2024-002,2024-07-28,630311.72,3003084.26,518350.35,524543.0,10047500.0,426.0,6952.0,3633395.9799999995,1042893.35,3.4839573768497,1.2159955520431283,5.725144096861446,0.0577392247221391,0.3616218940034833
PRJ-2024-002,2024-08-04,676361.26,1472220.15,306789.1,183149.75,4633900.0,474.0,7426.0,2148581.41,489938.85,4.3854073013397405,2.2046456670070675,8.038341029676491,0.0599999999999924,0.4636658991346381
PRJ-2024-002,2024-08-11,728544.48,2094589.87,353897.6,211833.75,5338500.0,500.0,8012.0,2823134.35,565731.35,4.990238476266155,2.0586307451646975,9.887894964801362,0.058740601503752495,0.5288253910274421
PRJ-2024-002,2024-08-18,781986.44,1879363.06,335581.15,266901.95,5642700.0,546.0,8578.0,2661349.5,602483.1000000001,4.417301497751547,2.3302454264788044,7.041398760855786,0.05984217448486849,0.471644691371152
PRJ-2024-002,2024-08-25,829245.55,1472220.1500000001,306789.1,183149.75,4633900.0,578.0,9104.0,2301465.7,489938.85,4.69745499872075,2.702982439728131,8.038341029676493,0.05969840941953525,0.4966584734241135
PRJ-2024-002,2024-09-01,868906.1799999999,4324777.15,587600.7,589217.85,11379600.0,604.0,9534.0,5193683.33,1176818.5499999998,4.413325512246554,1.4787357809478416,7.3398610547864305,0.05957782600117779,0.45640297813631403
PRJ-2024-002,2024-09-08,903209.2,1961856.08,374752.0,297669.7,6295500.0,630.0,9904.0,2865065.2800000003,672421.7,4.260816211017574,2.4101517803774164,6.590714741876629,0.05980634137079364,0.45509733619251846
PRJ-2024-002,2024-09-15,952175.89,4407270.17,500585.69999999995,544245.7,9852000.0,682.0,10410.0,5359446.06,1044831.3999999999,5.129484106239528,1.90212363237703,8.09794210592751,0.06148575549945352,0.5439957429963458
PRJ-2024-002,2024-09-22,789955.78,5278816.72,468329.69999999995,525788.1,9337900.0,598.0,8616.0,6068772.5,994117.7999999999,6.104681457267936,1.6867514061141082,10.039817789714125,0.06490123724765955,0.6499076344788441
PRJ-2024-002,2024-09-29,1035102.67,5422660.9399999995,656459.75,654169.75,12726300.0,734.0,11312.0,6457763.609999999,1310629.5,4.927222842153328,1.5767953328440905,8.289378926494217,0.060933089822342607,0.5074344947078097
PRJ-2024-002,2024-10-06,870202.11,6057783.75,515719.05000000005,579677.5,10297300.0,656.0,9472.0,6927985.86,1095396.55,6.324637283182966,1.6873569242788262,10.450265449323096,0.06477093206950386,0.6727963504996455
PRJ-2024-002,2024-10-13,915592.47,6057783.75,515719.05000000005,579677.5,10297300.0,684.0,10008.0,6973376.22,1095396.55,6.366074660359295,1.7753706596644008,10.450265449323096,0.06397306397305799,0.677204337059229
PRJ-2024-002,2024-10-20,960844.38,6057783.75,515719.05000000005,579677.5,10297300.0,694.0,10540.0,7018628.13,1095396.55,6.407385644952043,1.863115934926193,10.450265449323096,0.06177674915434735,0.6815988783467509
PRJ-2024-002,2024-10-27,1207312.72,6057783.75,727195.0,721514.8500000001,14097900.0,840.0,13266.0,7265096.47,1448709.85,5.014873385447054,1.6602324273406697,8.395923867679217,0.05954912803062104,0.5153318203420366
PRJ-2024-002,2024-11-03,1046660.7999999999,6057783.75,567437.05,637067.9,11319500.0,756.0,11492.0,7104444.55,1204504.9500000002,5.898227773991293,1.8445408173470483,9.508851018863123,0.06172436316132742,0.6276288307787445
PRJ-2024-002,2024-11-10,1098736.58,6057783.75,567437.05,637067.9,11319500.0,774.0,12088.0,7156520.33,1204504.9500000002,5.941461950820537,1.9363144863381725,9.508851018863123,0.060177266366034814,0.6322293679049427
PRJ-2024-002,2024-11-17,1144082.04,6712096.36,567437.05,637067.9,11319500.0,810.0,12570.0,7856178.4,1204504.9500000002,6.522329692376933,2.0162272449428493,10.535919891741507,0.06053811659192372,0.6940393480277397
PRJ-2024-002,2024-11-24,1389242.0,6712096.36,796363.8,787079.75,15448700.0,940.0,15264.0,8101338.36,1583443.55,5.116278606837607,1.744481605015193,8.527847857856832,0.0580103678104136,0.5244025943930557
PRJ-2024-002,2024-12-01,1220816.59,7082473.640000001,616352.9,692196.6,12296200.0,852.0,13396.0,8303290.23,1308549.5,6.345415461929407,1.9807103852354682,10.231881578152782,0.05979786636720524,0.6752728672272734
PRJ-2024-002,2024-12-08,1272157.06,7142874.05,643127.9,712447.85,12779200.0,884.0,13960.0,8415031.11,1355575.75,6.2077173555221785,1.9780778597849633,10.025820205647317,0.05955268121799653,0.6584943588018027
PRJ-2024-002,2024-12-15,1311312.05,7256449.15,616352.9,692196.6,12296200.0,912.0,14388.0,8567761.200000001,1308549.5,6.54752548527969,2.1275344855195746,10.483219868459322,0.059607843137251,0.6967812169613377
PRJ-2024-002,2024-12-22,1354322.15,7332055.23,655297.3,711955.0,12998100.0,936.0,14840.0,8686377.38,1367252.3,6.353163479776186,2.0667293303360132,10.298481266372157,0.05933062880324167,0.6682805471568921
PRJ-2024-002,2024-12-29,1608011.8699999999,7392455.640000001,867138.0,854480.55,16829500.0,1080.0,17630.0,9000467.51,1721618.55,5.227910392810298,1.8543898087732262,8.651403054171322,0.057723142704433045,0.5348030250453073
PRJ-2024-002,2025-01-05,1443623.8599999999,7256449.15,665160.8,748284.3,13284200.0,990.0,15834.0,8700073.01,1413445.1,6.155225279000927,2.1703381498127934,9.697449418623362,0.05884450784593088,0.6549188517185829
PRJ-2024-002,2025-01-12,1483005.31,7256449.15,665160.8,748284.3,13284200.0,1016.0,16268.0,8739454.46,1413445.1,6.1830873091568925,2.2295440591207383,9.697449418623362,0.05878268919231319,0.6578833847728881
PRJ-2024-002,2025-01-19,1528117.05,7300530.75,665160.8,748284.3,13284200.0,1054.0,16740.0,8828647.8,1413445.1,6.2461908142028255,2.2973648627519805,9.75635964833151,0.059233449477348585,0.6645976272564399
PRJ-2024-002,2025-01-26,1777978.56,7436537.24,937127.55,919653.05,18177100.0,1186.0,19500.0,9214515.8,1856780.6,4.962630372161361,1.897264209124999,8.086242132291076,0.057333462244993846,0.5069299173135429
PRJ-2024-002,2025-02-02,1619053.7999999998,7300530.75,715096.85,803022.4,14268100.0,1096.0,17760.0,8919584.55,1518119.25,5.875417593183141,2.264104225882127,9.091316443974652,0.058124734832411,0.6251417182385881
PRJ-2024-002,2025-02-09,1670184.56,7300530.75,715096.85,803022.4,14268100.0,1148.0,18270.0,8970715.31,1518119.25,5.9090979249489095,2.3356060930767595,9.091316443974652,0.05912040374909573,0.6287252899825484
PRJ-2024-002,2025-02-16,1725483.33,7516636.87,747982.85,827895.7,14860900.0,1184.0,18852.0,9242120.2,1575878.5499999998,5.864741416779863,2.3068487867068046,9.079207525778902,0.05909363146336299,0.6219085115975478
PRJ-2024-002,2025-02-23,1982620.0899999999,7600120.75,1005525.0,986229.35,19530600.0,1328.0,21704.0,9582740.84,1991754.35,4.811206181123689,1.9717263021804508,7.706240693404625,0.057658909343519554,0.4906526599285224
PRJ-2024-002,2025-03-02,1825838.9899999998,9181903.84,832225.9,887867.6,16286900.0,1262.0,19954.0,11007742.83,1720093.5,6.399502602620145,2.1939223352697836,10.34152371367081,0.059483408748111824,0.6758648257188292
PRJ-2024-002,2025-03-09,1878084.15,9103030.030000001,763483.9,859196.6,15254900.0,1292.0,20528.0,10981114.180000002,1622680.5,6.767268220700252,2.4598870388753413,10.594816168965275,0.05921173235563432,0.7198417675632092
PRJ-2024-002,2025-03-16,1925955.14,9218458.42,815654.7000000001,885665.4,16194900.0,1326.0,21060.0,11144413.56,1701320.1,6.55045077055164,2.361238327934599,10.4085114084845,0.05923344947734927,0.6881434007002204
PRJ-2024-002,2025-03-23,1978627.2,9103030.030000001,763483.9,859196.6,15254900.0,1358.0,21632.0,11081657.23,1622680.5,6.8292293091585154,2.591576849230216,10.594816168965275,0.059069160504564636,0.7264326367265599
PRJ-2024-002,2025-03-30,2227069.08,9513438.35,1073777.7,1049837.3,20848000.0,1520.0,24340.0,11740507.43,2123615.0,5.52854798539283,2.0740504109928883,9.06182162702734,0.058778035576177154,0.5631479005180353
PRJ-2024-002,2025-04-06,2073257.2799999998,9103030.030000001,811261.95,912203.1,16199300.0,1436.0,22656.0,11176287.31,1723465.0499999998,6.484777460384239,2.5555953659603996,9.979170241802501,0.05960484808234851,0.6899240899298117
PRJ-2024-002,2025-04-13,2115500.79,9640930.8,867749.7,940862.1,17217400.0,1452.0,23110.0,11756431.59,1808611.7999999998,6.5002515133429934,2.437915899020187,10.246911635615879,0.05911570718996584,0.6828227020339889
PRJ-2024-002,2025-04-20,2167407.98,9428748.19,811261.95,912203.1,16199300.0,1492.0,23676.0,11596156.17,1723465.0499999998,6.728396476621325,2.671649989254392,10.336237829053628,0.05928162746344329,0.7158430407486742
PRJ-2024-002,2025-04-27,2416654.98,9935910.73,1146200.9,1118303.0,22248800.0,1630.0,26434.0,12352565.71,2264503.9,5.454866167375554,2.1084043643657915,8.884810941220753,0.05808152793614388,0.5552014360325052
PRJ-2024-002,2025-05-04,670447.76,1953384.42,372100.64999999997,315830.7,6776800.0,506.0,7344.0,2623832.1799999997,687931.35,3.8140901414072723,1.8017914239064035,6.184909890013839,0.06445859872610643,0.3871786359343642
PRJ-2024-002,2025-05-11,716209.69,2074194.25,372100.64999999997,315830.7,6776800.0,538.0,7864.0,2790403.94,687931.35,4.05622441832313,1.9247740900210686,6.567424414409345,0.06403237324445799,0.411758343170818
PRJ-2024-002,2025-05-18,957306.4199999999,2951073.82,468838.95,374733.89999999997,8224300.0,704.0,10400.0,3908380.2399999998,843572.85,4.633127109294704,2.041866231463913,7.875118370662468,0.06340057636887036,0.4752234524518803
PRJ-2024-002,2025-05-25,2599247.92,10452870.16,1214629.05,1182115.45,23582700.0,1754.0,28432.0,13052118.08,2396744.5,5.4457694927431755,2.1399520454413614,8.84251209135283,0.05810640694361432,0.5534615663176821
PRJ-2024-002,2025-06-01,1043458.8099999999,6414798.04,491172.65,608960.8,10705400.0,772.0,11456.0,7458256.85,1100133.4500000002,6.779411034179528,2.124423682792594,10.534008166042852,0.06313379129865365,0.6966817540680402
PRJ-2024-002,2025-06-08,894036.19,2854538.98,395962.15,334840.80000000005,7208900.0,638.0,9832.0,3748575.17,730802.9500000001,5.129392499031366,2.257882956742198,8.525063194210476,0.060936007640872876,0.5199926715587676
PRJ-2024-002,2025-06-15,1116552.67,5200387.97,458062.65,515482.80000000005,9386900.0,778.0,12318.0,6316940.64,973545.4500000001,6.488593460120421,2.4375544917272722,10.088383104150108,0.0594074526572954,0.6729528001789726
PRJ-2024-002,2025-06-22,2785550.12,13127688.030000001,1273040.15,1242613.3499999999,24784300.0,1856.0,30516.0,15913238.150000002,2515653.5,6.325687599663466,2.188108615427407,10.564579907338025,0.05733349808476284,0.6420692999197073
PRJ-2024-002,2025-06-29,1039631.75,2854538.98,411809.05,350003.5,7534000.0,716.0,11448.0,3894170.73,761812.55,5.111717744739168,2.5245480884890643,8.155744099701836,0.0588622163761872,0.5168795765861428
PRJ-2024-002,2025-07-06,1091004.24,2937762.3899999997,411809.05,350003.5,7534000.0,752.0,11984.0,4028766.63,761812.55,5.28839624655697,2.649296415413885,8.393522893342471,0.05904522613064863,0.5347447079904433
PRJ-2024-002,2025-07-13,1133806.3699999999,3013765.7199999997,411809.05,350003.5,7534000.0,788.0,12454.0,4147572.09,761812.55,5.444347287269019,2.753233252158973,8.610673093269043,0.059507627246634984,0.5505139487655959
PRJ-2024-002,2025-07-20,1171697.69,3172692.89,411809.05,350003.5,7534000.0,800.0,12884.0,4344390.58,761812.55,5.702702823680174,2.845245120280861,9.064746181109593,0.058462437883655474,0.5766379851340588
PRJ-2024-002,2025-07-27,3015591.2199999997,13445841.940000001,1331148.55,1301330.9,25974800.0,2000.0,33006.0,16461433.16,2632479.45,6.253204810392725,2.265405480102125,10.332377368431036,0.05713306290350063,0.6337462910205276
PRJ-2024-002,2025-08-03,1264197.48,3208770.2199999997,427295.0,363878.94999999995,7847900.0,868.0,13872.0,4472967.699999999,791173.95,5.653583134277858,2.9586058343767117,8.81823534997007,0.05888738127543698,0.5699572751946379
PRJ-2024-002,2025-08-10,1311270.5499999998,3208770.2199999997,427295.0,363878.94999999995,7847900.0,888.0,14404.0,4520040.77,791173.95,5.713080884424966,3.06877110661252,8.81823534997007,0.05806957886476209,0.5759554492284559
PRJ-2024-002,2025-08-17,1341867.8699999999,3208770.2199999997,427295.0,363878.94999999995,7847900.0,908.0,14734.0,4550638.09,791173.95,5.751754200198318,3.140378122842525,8.81823534997007,0.05804884285896573,0.5798542399877673
PRJ-2024-002,2025-08-24,2948561.67,13494324.430000002,1325795.1,1325359.95,26164200.0,1964.0,32278.0,16442886.100000001,2651155.05,6.202159356918788,2.22399499741702,10.18162985081901,0.05735646282343154,0.6284497939933191
PRJ-2024-002,2025-08-31,1375722.13,3221175.38,442895.25,378682.2,8169300.0,920.0,15112.0,4596897.51,821577.45,5.595208960518566,3.106202042130722,8.506276186205719,0.05738522954091458,0.562703966068084
PRJ-2024-002,2025-09-07,1391374.0499999998,3221175.38,442895.25,378682.2,8169300.0,928.0,15280.0,4612549.43,821577.45,5.6142600189428205,3.14154204634165,8.506276186205719,0.05725567620927583,0.5646199099066015
PRJ-2024-002,2025-09-14,1414889.83,3221175.38,442895.25,378682.2,8169300.0,946.0,15518.0,4636065.21,821577.45,5.642882737348736,3.194637625939761,8.506276186205719,0.05745869776481672,0.56749846498476
PRJ-2024-002,2025-09-21,3028758.73,13494324.430000002,1384922.65,1384473.9,27360400.0,2010.0,33130.0,16523083.160000002,2769396.55,5.966311743979026,2.186951545633251,9.746896947641984,0.057199772339212945,0.6039050291662403
PRJ-2024-002,2025-09-28,1454041.96,3221175.38,459096.8,393423.95,8498300.0,968.0,15944.0,4675217.34,852520.75,5.483992430682766,3.1671794706475778,8.187542675020145,0.057237464522229345,0.5501355965310708
PRJ-2024-002,2025-10-05,1472398.5999999999,3221175.38,459096.8,393423.95,8498300.0,986.0,16132.0,4693573.9799999995,852520.75,5.505524622127958,3.2071637179784234,8.187542675020145,0.057600186937723,0.5522956332442958
PRJ-2024-002,2025-10-12,1491383.3399999999,3221175.38,459096.8,393423.95,8498300.0,994.0,16330.0,4712558.72,852520.75,5.527793569833924,3.248516086367835,8.187542675020145,0.05737704918032455,0.5545295788569478
PRJ-2024-002,2025-10-19,1509857.5699999998,3221175.38,459096.8,393423.95,8498300.0,1012.0,16530.0,4731032.949999999,852520.75,5.549463693405695,3.2887564670457223,8.187542675020145,0.05769011515220284,0.5567034524551967
PRJ-2024-002,2025-10-26,3116394.73,13494324.430000002,1442321.1,1443723.0,28551600.0,2066.0,34080.0,16610719.160000002,2886044.1,5.755531996201997,2.1606802604496305,9.346893018951691,0.057157085154649005,0.5817789251740709
PRJ-2024-002,2025-11-02,1003962.2799999999,942376.1000000001,362994.15,205931.7,6279900.0,656.0,10956.0,1946338.38,568925.8500000001,3.4210756639024154,2.765780881041739,4.576158503037636,0.056493282810880424,0.3099314288444083
PRJ-2024-002,2025-11-09,819561.2499999999,476521.71,275185.55,161382.1,4696900.0,570.0,8952.0,1296082.96,436567.65,2.96880210890568,2.9782132455719315,2.9527544256766833,0.0598613736609893,0.2759443377546892
PRJ-2024-002,2025-11-16,837046.87,476521.71,275185.55,161382.1,4696900.0,572.0,9150.0,1313568.58,436567.65,3.008854595616503,3.041754445318793,2.9527544256766833,0.05883563052869174,0.27966713789946557
PRJ-2024-002,2025-11-23,851934.6900000001,476521.71,275185.55,161382.1,4696900.0,580.0,9326.0,1328456.4000000001,436567.65,3.0429565727098584,3.0958554691552553,2.9527544256766833,0.05855037351099752,0.2828368498371266
PRJ-2024-002,2025-11-30,865170.36,476521.71,275185.55,161382.1,4696900.0,584.0,9486.0,1341692.07,436567.65,3.0732741420487684,3.14395272571542,2.9527544256766833,0.05799404170803793,0.28565480849070657
PRJ-2024-002,2025-12-07,881556.92,476521.71,275185.55,161382.1,4696900.0,594.0,9674.0,1358078.6300000001,436567.65,3.110809126603854,3.203500038428605,2.9527544256766833,0.057849629918186804,0.2891436117439162
PRJ-2024-002,2025-12-14,895902.2,476521.71,275185.55,161382.1,4696900.0,598.0,9846.0,1372423.91,436567.65,3.143668363883574,3.255629519791271,2.9527544256766833,0.05725775564917108,0.2921978134514253
PRJ-2024-002,2025-12-21,914392.6099999999,476521.71,275185.55,161382.1,4696900.0,604.0,10048.0,1390914.3199999998,436567.65,3.1860224182895744,3.3228220377123603,2.9527544256766833,0.056702966579040864,0.2961345398028486
PRJ-2024-002,2025-12-28,929752.97,476521.71,275185.55,161382.1,4696900.0,604.0,10240.0,1406274.68,436567.65,3.2212067934946544,3.3786402302010288,2.9527544256766833,0.05569900405753821,0.2994048585237071
PRJ-2024-002,2026-01-04,945307.5499999999,476521.71,275185.55,161382.1,4696900.0,612.0,10416.0,1421829.26,436567.65,3.2568360482046637,3.435164201027258,2.9527544256766833,0.05549510337322674,0.30271652792267234
PRJ-2024-002,2026-01-11,965439.75,476521.71,275185.55,161382.1,4696900.0,628.0,10626.0,1441961.46,436567.65,3.302950779793227,3.5083228388990504,2.9527544256766833,0.05580238137550597,0.30700280184802736
PRJ-2024-002,2026-01-18,3310881.38,13581977.99,1449566.5,1450496.35,28694800.0,2146.0,36306.0,16892859.37,2900062.85,5.824997678929612,2.284049320952159,9.363676089222832,0.055809840840527,0.5887080366477551
PRJ-2024-002,2026-01-25,1001011.96,476521.71,275915.8,161782.45,4714000.0,648.0,11006.0,1477533.67,437698.25,3.375690147264689,3.6279617187562163,2.945447482097082,0.05560322636004328,0.31343522910479416
PRJ-2024-002,2026-02-01,1019889.0099999999,476521.71,275915.8,161782.45,4714000.0,662.0,11210.0,1496410.72,437698.25,3.418818146976819,3.6963776992836084,2.945447482097082,0.05576145552560177,0.317439694526941
PRJ-2024-002,2026-02-08,1040349.49,476521.71,275915.8,161782.45,4714000.0,674.0,11430.0,1516871.2,437698.25,3.4655637759575155,3.7705324957831206,2.945447482097082,0.055684071381356934,0.3217800593975392
PRJ-2024-002,2026-02-15,816657.9799999999,0.0,215435.8,116038.45,3622600.0,540.0,8956.0,816657.9799999999,331474.25,2.463714692770245,3.790725496876546,0.0,0.05686604886267303,0.2254342129961905
PRJ-2024-002,2026-02-22,2724122.66,13581977.99,1316285.4500000002,1381437.5,27054700.0,1712.0,29902.0,16306100.65,2697722.95,6.044394087984458,2.069553120107799,9.831771607474092,0.054153223255517996,0.6027086107035007
PRJ-2024-003,2024-02-25,11397.039999999999,0.0,0.0,0.0,0.0,4.0,136.0,11397.039999999999,0.0,11397039999999.998,11397039999999.998,0.0,0.02857142857122449,
PRJ-2024-003,2024-03-03,23090.1,0.0,0.0,0.0,0.0,14.0,264.0,23090.1,0.0,23090099999999.996,23090099999999.996,0.0,0.05035971223003468,
PRJ-2024-003,2024-03-10,34403.56,0.0,0.0,0.0,0.0,20.0,396.0,34403.56,0.0,34403559999999.996,34403559999999.996,0.0,0.048076923076807505,
PRJ-2024-003,2024-03-17,49369.149999999994,0.0,0.0,0.0,0.0,36.0,566.0,49369.149999999994,0.0,49369149999999.99,49369149999999.99,0.0,0.05980066445172791,
PRJ-2024-003,2024-03-24,62200.03,0.0,0.0,0.0,0.0,44.0,716.0,62200.03,0.0,62200029999999.99,62200029999999.99,0.0,0.05789473684202909,
PRJ-2024-003,2024-03-31,71713.95,0.0,0.0,0.0,0.0,56.0,828.0,71713.95,0.0,71713950000000.0,71713950000000.0,0.0,0.0633484162895211,
PRJ-2024-003,2024-04-07,85854.62,115520.26000000001,0.0,0.0,0.0,72.0,966.0,201374.88,0.0,201374880000000.0,85854619999999.98,115520260000000.0,0.06936416184964415,
PRJ-2024-003,2024-04-14,100626.14,115520.26000000001,30666.71,29607.43,591200.0,90.0,1094.0,216146.40000000002,60274.14,3.5860553132735937,3.281282537318047,3.9017320990033957,0.07601351351344932,0.3656062246278749
PRJ-2024-003,2024-04-21,111642.56,48989.1,15374.2,8044.169999999999,225000.0,96.0,1190.0,160631.66,23418.37,6.859216076951263,7.261682559092033,6.090013015636655,0.07465007776043962,0.7139184888888858
PRJ-2024-003,2024-04-28,134776.99,115520.26000000001,22228.6,10573.77,313100.0,108.0,1448.0,250297.25,32802.369999999995,7.630462372078372,6.063224404595608,10.925172384115513,0.06940874035985256,0.799416320664322
PRJ-2024-003,2024-05-05,168560.19999999998,115520.26000000001,22228.6,10573.77,313100.0,126.0,1830.0,284080.45999999996,32802.369999999995,8.66036387004937,7.583032669623476,10.925172384115513,0.0644171779140775,0.9073154263813449
PRJ-2024-003,2024-05-12,204297.69999999998,234446.71000000002,24176.5,17311.44,398300.0,140.0,2224.0,438744.41000000003,41487.94,10.575227644467029,8.450259549562242,13.5428774267182,0.05922165820640473,1.1015425809691162
PRJ-2024-003,2024-05-19,234905.09,238339.18,70675.69,64292.240000000005,1336000.0,156.0,2556.0,473244.27,134967.93,3.506346063098075,3.3237042326717523,3.707122041478043,0.0575221238937841,0.35422475299401174
PRJ-2024-003,2024-05-26,264932.31,315252.29000000004,48365.55,32383.79,786700.0,186.0,2864.0,580184.6000000001,80749.34,7.185007332567584,5.477706962910471,9.734879394906843,0.06098360655735705,0.737491546968348
PRJ-2024-003,2024-06-02,302202.19,410754.5,54212.310000000005,34460.630000000005,863300.0,206.0,3276.0,712956.69,88672.94,8.040296058752443,5.5744200901971235,11.919529619742532,0.05916140149337761,0.8258504459631635
PRJ-2024-003,2024-06-09,336275.3,307743.24,44919.25,21301.29,635700.0,222.0,3664.0,644018.54,66220.54000000001,9.72535923144073,7.486218046828309,14.4471644675034,0.05712815234172488,1.0130856378795012
PRJ-2024-003,2024-06-16,403863.17,857191.69,70931.59,64427.50000000001,1333171.0,316.0,4272.0,1261054.8599999999,135359.09,9.31636626694218,5.6936996618854065,13.304748593379948,0.06887532693982805,0.9459063090931313
PRJ-2024-003,2024-06-23,455028.27999999997,598853.98,49216.05,35616.65,818226.0,348.0,4814.0,1053882.26,84832.70000000001,12.423066341163105,9.24552620537387,16.81387721753683,0.06741573033706559,1.2880087653044496
PRJ-2024-003,2024-06-30,485119.17,1053800.5,61955.41,59858.490000000005,1196826.0,364.0,5144.0,1538919.67,121813.90000000001,12.633366717591237,7.830134123880257,17.60486273542788,0.06608569353666192,1.28583408950006
PRJ-2024-003,2024-07-07,415604.44,1166377.1400000001,58301.060000000005,58322.55,1144626.0,336.0,4282.0,1581981.58,116623.61000000002,13.564848318449293,7.128591487015723,19.99873359446698,0.07275877003030039,1.3820947453578714
PRJ-2024-003,2024-07-14,594119.4299999999,1166377.1400000001,120506.33,105695.45,2262700.0,476.0,6144.0,1760496.57,226201.78,7.7828590473514065,4.930192712698121,11.035263485798009,0.07190332326282901,0.7780512529279177
PRJ-2024-003,2024-07-21,510487.0,1221765.88,92046.14,91518.7,1799700.0,426.0,5186.0,1732252.88,183564.84,9.436735706031671,5.545990304427697,13.34990422722336,0.07590876692799788,0.9625231316330494
PRJ-2024-003,2024-07-28,571843.83,1399148.98,92046.14,91518.7,1799700.0,484.0,5774.0,1970992.81,183564.84,10.737311186608446,6.212578061393924,15.28812122549801,0.0773410035154878,1.0951785353114403
PRJ-2024-003,2024-08-04,622626.0499999999,1399148.98,92046.14,91518.7,1799700.0,528.0,6246.0,2021775.0299999998,183564.84,11.013955777152034,6.764282022038003,15.28812122549801,0.07794508414524978,1.123395582597099
PRJ-2024-003,2024-08-11,679350.15,1411450.3599999999,108788.28,99992.76,2061500.0,600.0,6752.0,2090800.5099999998,208781.03999999998,10.014321750672332,6.2446997967059845,14.115525564050696,0.08161044613709445,1.0142131991268488
PRJ-2024-003,2024-08-18,857359.01,1411450.3599999999,143121.66,124709.4,2688100.0,742.0,8632.0,2268809.37,267831.06,8.47104652462635,5.990421086507759,11.317914768253143,0.07915510987837858,0.8440197053681037
PRJ-2024-003,2024-08-25,788738.96,1399148.98,119126.81,113705.45,2295600.0,708.0,7776.0,2187887.94,232832.26,9.396841915291251,6.6210029463560165,12.305030057925874,0.0834512022630736,0.9530789074751694
PRJ-2024-003,2024-09-01,745605.5499999999,1399148.98,107326.97,106794.0,2099400.0,620.0,7556.0,2144754.53,214120.97,10.016555267800205,6.947047419674598,13.101381912841422,0.07583170254402204,1.021603567686005
PRJ-2024-003,2024-09-08,778964.59,1521307.66,116211.17,110339.64,2226900.0,630.0,7936.0,2300272.25,226550.81,10.153449683097536,6.703009616029107,13.787498853539725,0.07354657950034163,1.0329481566302927
PRJ-2024-003,2024-09-15,1016344.01,1538068.41,165953.65,143791.34,3116600.0,844.0,10252.0,2554412.42,309744.99,8.24682400835601,6.124264274994819,10.696530194377418,0.07606344628694339,0.8196150997882306
PRJ-2024-003,2024-09-22,872751.46,1683302.23,138959.77,129269.48,2648000.0,688.0,8858.0,2556053.69,268229.25,9.529362252625285,6.280605242797925,13.02165236527591,0.07207207207206452,0.9652770732628395
PRJ-2024-003,2024-09-29,988079.4299999999,1642370.72,136675.95,130306.84,2633200.0,822.0,9814.0,2630450.15,266982.79000000004,9.852508283399052,7.229358420409683,12.603871907261256,0.07728469349378739,0.9989557002886218
PRJ-2024-003,2024-10-06,936146.0299999999,1642370.72,122445.87,121971.94,2396400.0,730.0,9550.0,2578516.75,244417.81,10.549627091413631,7.645386732929353,13.4651520669425,0.07101167315174406,1.0759959731263558
PRJ-2024-003,2024-10-13,1168821.98,1778285.37,188348.16,162572.36,3537000.0,938.0,11826.0,2947107.35,350920.52,8.398218918631466,6.2056458634902185,10.938423788643957,0.07348793481666613,0.8332223211761378
PRJ-2024-003,2024-10-20,996494.37,1763856.27,149970.47,141934.99,2869600.0,762.0,10226.0,2760350.64,291905.45999999996,9.45631726107484,6.64460390102127,12.42721241605039,0.06934838005095838,0.9619287148034567
PRJ-2024-003,2024-10-27,1029914.51,1751285.55,137461.87,136942.87,2690200.0,784.0,10584.0,2781200.06,274404.74,10.13539365245655,7.492365046394267,12.788439076820776,0.06896551724137324,1.0338265036056795
PRJ-2024-003,2024-11-03,1063424.77,1923152.3800000001,137461.87,136942.87,2690200.0,804.0,10960.0,2986577.1500000004,274404.74,10.883839506562422,7.736143630229913,14.043464840484111,0.06834410064603295,1.1101691881644484
PRJ-2024-003,2024-11-10,1286858.21,2028049.6800000002,210701.87,181180.1,3955700.0,1002.0,13156.0,3314907.89,391881.97,8.458944640908056,6.107483573828718,11.193556466742148,0.07077270800960088,0.8380079101044061
PRJ-2024-003,2024-11-17,373182.88999999996,529592.21,72635.52,58821.97,1322400.0,288.0,3772.0,902775.0999999999,131457.49,6.867429919740542,5.137746518507678,9.003306247648473,0.07093596059111554,0.6826792952208101
PRJ-2024-003,2024-11-24,407785.14999999997,529592.21,72635.52,58821.97,1322400.0,302.0,4154.0,937377.3599999999,131457.49,7.130650067942062,5.614128597138071,9.003306247648473,0.06777378815079269,0.7088455535390193
PRJ-2024-003,2024-12-01,437581.66,529592.21,72635.52,58821.97,1322400.0,316.0,4480.0,967173.8699999999,131457.49,7.357312770843203,6.024348142616641,9.003306247648473,0.06588824020015306,0.731377699637023
PRJ-2024-003,2024-12-08,550521.12,661152.23,87728.37,68250.52,1574900.0,386.0,5662.0,1211673.35,155978.89,7.768188054165486,6.275291789873603,9.687138354403602,0.06382275132274076,0.7693652612864305
PRJ-2024-003,2024-12-15,1448944.89,2121970.38,232564.96,199816.66,4370100.0,1096.0,14938.0,3570915.2699999996,432381.62,8.258711991504152,6.230280305339178,10.619586875288524,0.06835474616439638,0.8171243838813754
PRJ-2024-003,2024-12-22,537624.35,530311.4299999999,80396.46,65057.4,1464200.0,378.0,5586.0,1067935.7799999998,145453.86000000002,7.3420930871136205,6.687164459728615,8.151439036911894,0.06338028169013021,0.7293646906160355
PRJ-2024-003,2024-12-29,565338.26,530311.4299999999,80396.46,65057.4,1464200.0,394.0,5882.0,1095649.69,145453.86000000002,7.532627116255233,7.031880010637196,8.151439036911894,0.06277884002548394,0.7482923712607562
PRJ-2024-003,2025-01-05,598932.48,530311.4299999999,80396.46,65057.4,1464200.0,404.0,6268.0,1129243.91,145453.86000000002,7.763588467160598,7.4497369660305,8.151439036911894,0.060551558752988524,0.7712361084551286
PRJ-2024-003,2025-01-12,1558507.2999999998,2122689.6,252981.97,217429.99,4762200.0,1150.0,16156.0,3681196.9,470411.95999999996,7.825474717947206,6.1605469354199185,9.762634860076066,0.06645094186986789,0.773003422787787
PRJ-2024-003,2025-01-19,637243.46,531230.82,86924.02,70455.43,1588600.0,438.0,6680.0,1168474.2799999998,157379.45,7.424567057516038,7.331039912788118,7.53995568545948,0.06153413880302591,0.7355371270300888
PRJ-2024-003,2025-01-26,659823.94,563422.0,86924.02,70455.43,1588600.0,456.0,6920.0,1223245.94,157379.45,7.772590004603474,7.5908125279985015,7.996857020104653,0.06182212581344064,0.7700150698728435
PRJ-2024-003,2025-02-02,677220.3,563422.0,86924.02,70455.43,1588600.0,468.0,7128.0,1240642.3,157379.45,7.883127689161401,7.790945471688864,7.996857020104653,0.061611374407574825,0.7809658189600902
PRJ-2024-003,2025-02-09,1632765.94,2155800.17,272722.8,234857.66999999998,5146200.0,1206.0,16978.0,3788566.11,507580.47,7.463971397481059,5.986906631935409,9.179177201238481,0.06632204135503375,0.7361871108779292
PRJ-2024-003,2025-02-16,707181.88,563422.0,93093.9,75448.16,1704800.0,484.0,7464.0,1270603.88,168542.06,7.538794055323594,7.596436286373139,7.467670517080768,0.06089582284850768,0.7453096433599244
PRJ-2024-003,2025-02-23,729683.2,563422.0,105496.4,82538.86,1994700.0,494.0,7706.0,1293105.2,188035.26,6.876929358887227,6.916664454900765,6.826142255902167,0.06024390243901704,0.6482705168697044
PRJ-2024-003,2025-03-02,522036.64,232798.73,73084.04000000001,41700.28,1253500.0,378.0,5336.0,754835.37,114784.32,6.576119194677403,7.142963634741495,5.582665871787778,0.06615330766537168,0.6021821858795369
PRJ-2024-003,2025-03-09,360015.48000000004,61292.71,46644.2,26213.829999999998,813600.0,234.0,3902.0,421308.19000000006,72858.03,5.782591019822994,7.7183332547238965,2.338182173303087,0.05657640232106949,0.5178320919370692
PRJ-2024-003,2025-03-16,1595587.0399999998,2268510.11,268201.02,235490.57,5109100.0,1174.0,16546.0,3864097.1499999994,503691.59,7.671553837140683,5.94922062563369,9.63312505464652,0.06625282167042515,0.7563166017498187
PRJ-2024-003,2025-03-23,401162.44,61292.71,47271.25,26567.14,826700.0,270.0,4328.0,462455.15,73838.39,6.263071960263404,8.486393738265681,2.3070872513939285,0.05872118312308422,0.5593989960082248
PRJ-2024-003,2025-03-30,420939.42,61292.71,47271.25,26567.14,826700.0,288.0,4536.0,482232.13,73838.39,6.530913390717125,8.90476600470669,2.3070872513939285,0.05970149253730105,0.5833217975081643
PRJ-2024-003,2025-04-06,443287.27999999997,61292.71,47271.25,26567.14,826700.0,308.0,4776.0,504579.99,73838.39,6.833572481740097,9.377523970700809,2.3070872513939285,0.06058221872540114,0.6103544090964066
PRJ-2024-003,2025-04-13,1677868.92,2268510.11,274924.54,241394.69,5239300.0,1244.0,17418.0,3946379.03,516319.23,7.643292755142961,6.103016194916591,9.397514543505453,0.06665952202335941,0.7532263909300859
PRJ-2024-003,2025-04-20,476027.57999999996,61292.71,48106.3,27029.34,844000.0,322.0,5154.0,537320.2899999999,75135.64,7.151337101806716,9.895327223253297,2.267636205693433,0.05880204528852103,0.6366354146919423
PRJ-2024-003,2025-04-27,375285.29,0.0,36991.3,21205.84,655400.0,260.0,4084.0,375285.29,58197.14,6.448517745029972,10.145231175978942,0.0,0.05985267034989413,0.572604958803783
PRJ-2024-003,2025-05-11,1428630.75,2268510.11,257478.86,233251.25999999998,5015200.0,1072.0,14730.0,3697140.86,490730.12,7.533959521376011,5.548536101177373,9.725607098542534,0.06783951398556715,0.7371871231456371
PRJ-2024-004,2024-02-25,11769.46,0.0,0.0,0.0,0.0,8.0,124.0,11769.46,0.0,11769459999999.998,11769459999999.998,0.0,0.060606060605601475,
PRJ-2024-004,2024-03-03,28685.77,0.0,0.0,0.0,0.0,14.0,308.0,28685.77,0.0,28685770000000.0,28685770000000.0,0.0,0.04347826086943019,
PRJ-2024-004,2024-03-10,40633.29,162157.2,0.0,0.0,0.0,16.0,440.0,202790.49000000002,0.0,202790490000000.0,40633290000000.0,162157200000000.0,0.03508771929816867,
PRJ-2024-004,2024-03-17,52405.770000000004,67339.34,0.0,0.0,0.0,26.0,568.0,119745.11,0.0,119745110000000.0,52405770000000.0,67339339999999.99,0.04377104377097008,
PRJ-2024-004,2024-03-24,63239.159999999996,353064.95,0.0,0.0,0.0,30.0,688.0,416304.11,0.0,416304109999999.94,63239159999999.99,353064950000000.0,0.04178272980495573,
PRJ-2024-004,2024-03-31,75602.98,353064.95,0.0,0.0,0.0,42.0,822.0,428667.93,0.0,428667929999999.94,75602979999999.98,353064950000000.0,0.04861111111105485,
PRJ-2024-004,2024-04-07,100681.84999999999,1599872.5899999999,0.0,0.0,0.0,60.0,1086.0,1700554.44,0.0,1700554439999999.8,100681849999999.98,1599872589999999.8,0.05235602094236269,
PRJ-2024-004,2024-04-14,142798.21,2004902.28,124502.95,134055.52,2513900.0,90.0,1536.0,2147700.49,258558.46999999997,8.306440280219759,1.1469463976556287,14.955760717648817,0.05535055350550101,0.8543301205298538
PRJ-2024-004,2024-04-21,199570.4,1070638.74,78670.5,45347.729999999996,1179700.0,122.0,2152.0,1270209.14,124018.23,10.242116340476635,2.536788249725087,23.609533266604007,0.05364995602460262,1.076722166652538
PRJ-2024-004,2024-04-28,254977.72,1207629.53,83534.1,61530.78,1371800.0,162.0,2740.0,1462607.25,145064.88,10.082435183484728,3.052378848877248,19.626429731590928,0.05582356995173817,1.0661956917918056
PRJ-2024-004,2024-05-05,304641.02999999997,1225944.27,83534.1,61530.78,1371800.0,194.0,3276.0,1530585.3,145064.88,10.551039645157323,3.646906233502202,19.9240814109618,0.05590778097981098,1.1157495990669186
PRJ-2024-004,2024-05-12,357856.83999999997,1850926.7400000002,87184.5,70503.63,1503400.0,232.0,3866.0,2208783.58,157688.13,14.007291354143055,4.104592444757908,26.252928253481045,0.05661298194239711,1.4691922176400152
PRJ-2024-004,2024-05-19,406269.95,3090395.3600000003,258738.0,259321.54,5065600.0,278.0,4382.0,3496665.3100000005,518059.54000000004,6.749543324691972,1.5701982314155574,11.917233562626492,0.059656652360502216,0.6902766325805433
PRJ-2024-004,2024-05-26,444412.16,3102014.8000000003,209884.9,235763.44,4339300.0,284.0,4846.0,3546426.9600000004,445648.33999999997,7.957904566636539,2.1174089227000032,13.157319048279867,0.05536062378166562,0.8172808886225889
PRJ-2024-004,2024-06-02,385215.24,3105574.24,201028.75,230495.05000000002,4193900.0,248.0,4184.0,3490789.4800000004,431523.80000000005,8.089448322433181,1.916219645199993,13.473496459034529,0.05595667870034838,0.8323492405636758
PRJ-2024-004,2024-06-09,426684.1,3105574.24,201028.75,230495.05000000002,4193900.0,264.0,4652.0,3532258.3400000003,431523.80000000005,8.185546984893978,2.1225028758324265,13.473496459034529,0.0537021969080444,0.8422371396552134
PRJ-2024-004,2024-06-16,575654.4,3324604.6,350280.2,343138.3,6821400.0,354.0,6284.0,3900259.0,693418.5,5.624682641146716,1.643411189099465,9.688818182056595,0.053329316059045895,0.571768112117747
PRJ-2024-004,2024-06-23,519352.89999999997,3357714.1100000003,259491.95,297514.95,5417300.0,322.0,5648.0,3877067.0100000002,557006.9,6.960536772524708,2.0014220094303425,11.28586684467449,0.05393634840870118,0.7156825374263931
PRJ-2024-004,2024-06-30,565956.19,3479653.75,259491.95,297514.95,5417300.0,360.0,6148.0,4045609.94,557006.9,7.263123562742207,2.181016366789019,11.695727391178119,0.05531653349722567,0.7467945175641001
PRJ-2024-004,2024-07-07,611579.64,4350576.9,259491.95,297514.95,5417300.0,392.0,6652.0,4962156.54,557006.9,8.908608744344084,2.356834730325922,14.62305306002265,0.05565019875070192,0.9159833385634909
PRJ-2024-004,2024-07-14,768330.37,4504685.390000001,440098.8,425587.88,8554400.0,490.0,8378.0,5273015.760000001,865686.6799999999,6.0911365299047855,1.7458133719064861,10.584618598631122,0.05525484889489679,0.616409772748527
PRJ-2024-004,2024-07-21,706314.1,4572003.5,342889.65,372767.17,6974400.0,440.0,7698.0,5278317.6,715656.8200000001,7.375487038606006,2.059887488584149,12.265037986043643,0.05406733841237969,0.7568131452167927
PRJ-2024-004,2024-07-28,750762.0,4582227.48,345578.45,374381.35,7003300.0,452.0,8218.0,5332989.48,719959.8,7.407343410007048,2.1724792156455295,12.239465133613063,0.05213379469434231,0.7614966487227449
PRJ-2024-004,2024-08-04,799013.83,4676267.9,345578.45,374381.35,7003300.0,484.0,8750.0,5475281.73,719959.8,7.604982569860139,2.3121054857442576,12.490653981561817,0.052414988087497026,0.7818145345765567
PRJ-2024-004,2024-08-11,964646.87,5030974.76,534424.5,512544.35000000003,10370900.0,582.0,10572.0,5995621.63,1046968.8500000001,5.726647578865401,1.8050199233006685,9.81568670106302,0.05217859064012442,0.5781197032080146
PRJ-2024-004,2024-08-18,915273.3999999999,5090385.96,434826.05000000005,468402.65,8757000.0,546.0,10048.0,6005659.359999999,903228.7000000001,6.649101561985344,2.104918507067361,10.86754304229489,0.051538606758537706,0.6858124197784627
PRJ-2024-004,2024-08-25,954734.9199999999,5689333.96,500503.65,492288.59,9644400.0,580.0,10476.0,6644068.88,992792.24,6.692305411250992,1.9075483665303898,11.5569080323393,0.05246020260491566,0.6889043258263862
PRJ-2024-004,2024-09-01,541543.76,3759546.46,289995.95,318095.84,5941600.0,354.0,5950.0,4301090.22,608091.79,7.073093718301956,1.8674183553253008,11.818911118108266,0.056154822335016466,0.7238942742695569
PRJ-2024-004,2024-09-08,377364.44,1191154.49,197917.59999999998,150755.94,3347600.0,254.0,4184.0,1568518.93,348673.54,4.4985315777044494,1.9066744948402676,7.9012109904259304,0.05723298783234401,0.46855028378539837
PRJ-2024-004,2024-09-15,1197510.4,6650622.41,627426.5,598851.34,12166800.0,756.0,13134.0,7848132.8100000005,1226277.8399999999,6.39996300512125,1.9086066654819296,11.105631674799273,0.054427645788333014,0.6450449427951473
PRJ-2024-004,2024-09-22,472955.25,1339633.47,234684.55,177205.2,3953400.0,340.0,5230.0,1812588.72,411889.75,4.400664789546221,2.015280724700446,7.559786450961893,0.061041292639127276,0.45848857186219444
PRJ-2024-004,2024-09-29,521572.8,1408817.33,234684.55,177205.2,3953400.0,366.0,5764.0,1930390.1300000001,411889.75,4.68666707535207,2.2224419971404075,7.950203097877444,0.05970636215333446,0.4882860651591035
PRJ-2024-004,2024-10-06,564353.31,1482396.1,234684.55,177205.2,3953400.0,392.0,6254.0,2046749.4100000001,411889.75,4.9691681086989785,2.404731414999401,8.365420992160454,0.058982846825149114,0.5177187762432336
PRJ-2024-004,2024-10-13,1363385.5599999998,7019141.7700000005,709414.2000000001,678850.3200000001,13788500.0,874.0,14966.0,8382527.33,1388264.52,6.03813409421426,1.9218470112382833,10.339748782912835,0.055176767676764195,0.6079361301084236
PRJ-2024-004,2024-10-20,600247.87,1673483.38,262729.25,198290.64,4424500.0,422.0,6640.0,2273731.25,461019.89,4.931959117859308,2.2846632797832664,8.439548029095027,0.05975644293400456,0.5138956379251892
PRJ-2024-004,2024-10-27,616180.0299999999,1716721.82,262729.25,198290.64,4424500.0,430.0,6828.0,2332901.85,461019.89,5.060306291774082,2.345304262848532,8.657603909090168,0.059244971066401315,0.527269036049271
PRJ-2024-004,2024-11-03,637763.64,1721044.68,262729.25,198290.64,4424500.0,438.0,7068.0,2358808.32,461019.89,5.116500114561206,2.42745579336902,8.679404534676934,0.058353317346115326,0.5331242671488302
PRJ-2024-004,2024-11-10,1432513.0499999998,7066703.07,787137.65,753973.66,15329500.0,916.0,15732.0,8499216.120000001,1541111.31,5.514991723732139,1.8199015762998987,9.372612658643792,0.055021624219122114,0.5544353123063375
PRJ-2024-004,2024-11-17,440367.89999999997,804344.03,242891.35,138263.56,4038900.0,292.0,4896.0,1244711.93,381154.91000000003,3.2656326793743693,1.813024218441695,5.8174694040858945,0.0562837316885011,0.30818092302359545
PRJ-2024-004,2024-11-24,380587.93999999994,190885.41,152619.35,82435.06,2662100.0,226.0,4282.0,571473.35,235054.41,2.4312385800376926,2.493706990627319,2.315585261901886,0.050133096716936526,0.2146701288456481
PRJ-2024-004,2024-12-01,386803.79,190885.41,134833.75,72328.18,2371100.0,232.0,4346.0,577689.2,207161.93,2.7885876521810604,2.8687460669157177,2.639156826564658,0.050677151594571715,0.24363763654000242
PRJ-2024-004,2024-12-08,414544.12,190885.41,152619.35,82435.06,2662100.0,246.0,4664.0,605429.53,235054.41,2.5756995156993545,2.7161963407654226,2.315585261901886,0.05010183299387981,0.22742553998722806
PRJ-2024-004,2024-12-15,1518806.74,7219525.35,806902.2999999999,771416.16,15703400.0,976.0,16692.0,8738332.09,1578318.46,5.5364822191840775,1.8822684481132328,9.358794544827774,0.05524111387819474,0.5564611542723231
PRJ-2024-004,2024-12-22,445954.31,190885.41,155400.0,83720.56,2716100.0,262.0,5016.0,636839.72,239120.56,2.663257898024316,2.8697188545688364,2.2800302578004463,0.04964001515724713,0.23446843636095863
PRJ-2024-004,2025-01-12,1150361.13,7219525.35,742298.9500000001,738505.97,14745000.0,740.0,12608.0,8369886.4799999995,1480804.92,5.652254639996736,1.5497275457549793,9.775852387489826,0.055439017081206514,0.5676423519837231
PRJ-2024-005,2024-03-31,9844.599999999999,0.0,0.0,0.0,0.0,8.0,100.0,9844.599999999999,0.0,9844599999999.998,9844599999999.998,0.0,0.0740740740733882,
PRJ-2024-005,2024-04-07,23118.0,0.0,0.0,0.0,0.0,14.0,248.0,23118.0,0.0,23118000000000.0,23118000000000.0,0.0,0.053435114503612845,
PRJ-2024-005,2024-04-14,36429.26,0.0,0.0,0.0,0.0,26.0,376.0,36429.26,0.0,36429260000000.0,36429260000000.0,0.0,0.064676616915262,
PRJ-2024-005,2024-04-21,47811.41,204905.87,0.0,0.0,0.0,32.0,498.0,252717.28,0.0,252717279999999.97,47811410000000.0,204905869999999.97,0.06037735849045212,
PRJ-2024-005,2024-04-28,60216.68,54582.65,0.0,0.0,0.0,38.0,626.0,114799.33,0.0,114799330000000.0,60216680000000.0,54582650000000.0,0.05722891566256442,
PRJ-2024-005,2024-05-05,69536.2,0.0,0.0,0.0,0.0,42.0,730.0,69536.2,0.0,69536199999999.99,69536199999999.99,0.0,0.054404145077649735,
PRJ-2024-005,2024-05-12,82330.10999999999,0.0,0.0,0.0,0.0,56.0,862.0,82330.10999999999,0.0,82330109999999.98,82330109999999.98,0.0,0.06100217864917102,
PRJ-2024-005,2024-05-19,95540.79000000001,0.0,0.0,0.0,0.0,62.0,1024.0,95540.79000000001,0.0,95540790000000.0,95540790000000.0,0.0,0.05709023941062883,
PRJ-2024-005,2024-05-26,108151.48999999999,259488.52,48611.75,52380.42,1001300.0,66.0,1152.0,367640.01,100992.17,3.640282310994965,2.2248014111814074,4.953922095317202,0.05418719211818211,0.3671626984919601
PRJ-2024-005,2024-06-02,123508.53,437665.63,35564.3,20555.84,549500.0,80.0,1312.0,561174.16,56120.14,9.999514612757382,3.4728233087674023,21.291546830486066,0.057471264367774805,1.0212450591446751
PRJ-2024-005,2024-06-09,135808.35,437665.63,35564.3,20555.84,549500.0,88.0,1448.0,573473.98,56120.14,10.21868405887779,3.8186706894272118,21.291546830486066,0.05729166666662937,1.0436287170154666
PRJ-2024-005,2024-06-16,149288.34,452920.05000000005,35564.3,20555.84,549500.0,102.0,1576.0,602208.39,56120.14,10.730700065965433,4.1977021901175,22.03364348039185,0.0607866507746956,1.095920636942673
PRJ-2024-005,2024-06-23,161246.35,452920.05000000005,109022.81,114065.84,2206800.0,108.0,1724.0,614166.4,223088.65,2.7530150009872636,1.4790148043331348,3.97068964731243,0.058951965065470006,0.2783063259017581
PRJ-2024-005,2024-06-30,185740.22,452920.05000000005,74005.9,42873.22,1147100.0,134.0,1978.0,638660.27,116879.12,5.464280275210787,2.509802867068673,10.56417152712088,0.06344696969693965,0.5567607619213665
PRJ-2024-005,2024-07-07,216925.84,549697.1,74005.9,42873.22,1147100.0,150.0,2316.0,766622.94,116879.12,6.559109445724723,2.9311965667601783,12.821455911172222,0.06082725060824784,0.6683139569348787
PRJ-2024-005,2024-07-14,250744.94999999998,572074.33,74005.9,42873.22,1147100.0,184.0,2666.0,822819.2799999999,116879.12,7.039916796088068,3.3881751319826745,13.343395480908283,0.06456140350874928,0.7173038793479202
PRJ-2024-005,2024-07-21,279474.92,682070.5599999999,179090.36,179261.27,3531900.0,204.0,2988.0,961545.48,358351.63,2.683245727108866,1.5605246424207224,3.8048963950773986,0.06390977443607021,0.2722459526034145
PRJ-2024-005,2024-07-28,303530.02999999997,682070.5599999999,112201.20000000001,64957.89,1738900.0,222.0,3240.0,985600.5899999999,177159.09000000003,5.563364487817104,2.705229801463774,10.500195742195283,0.06412478336219984,0.5667954396457526
PRJ-2024-005,2024-08-04,342083.6,682070.5599999999,112201.20000000001,64957.89,1738900.0,246.0,3656.0,1024154.1599999999,177159.09000000003,5.780985666611824,3.0488408323618366,10.500195742195283,0.06304459251664196,0.5889666800851109
PRJ-2024-005,2024-08-11,372690.48,783064.36,118052.41,85725.73,2010200.0,264.0,4008.0,1155754.8399999999,203778.14,5.671633080957527,3.1569917124097406,9.134531254501896,0.061797752808974295,0.5749451994826382
PRJ-2024-005,2024-08-18,405810.68,682070.5599999999,112201.20000000001,64957.89,1738900.0,300.0,4354.0,1087881.24,177159.09000000003,6.140702348380734,3.6168122979076545,10.500195742195283,0.06446067898580479,0.6256146069354186
PRJ-2024-005,2024-08-25,434136.06,783064.36,221131.57,217854.81,4345600.0,316.0,4660.0,1217200.42,438986.38,2.7727521295763142,1.963247762406779,3.594432273494427,0.06350482315111264,0.28009950754786445
PRJ-2024-005,2024-09-01,467446.08999999997,847691.55,134620.85,77903.41,2086500.0,342.0,5014.0,1315137.6400000001,212524.26,6.1881765404099935,3.472315692554285,10.88131507978905,0.06385362210603736,0.6303079990414567
PRJ-2024-005,2024-09-08,499963.70999999996,847691.55,134620.85,77903.41,2086500.0,360.0,5364.0,1347655.26,212524.26,6.341183166571166,3.713865348495395,10.88131507978905,0.0628930817609953,0.6458927677929545
PRJ-2024-005,2024-09-15,536158.03,954922.5,134620.85,77903.41,2086500.0,402.0,5718.0,1491080.53,212524.26,7.016048567819942,3.9827265241602325,12.257775365673822,0.06568627450979318,0.714632413132039
PRJ-2024-005,2024-09-22,568428.55,1055916.3,258864.31,252010.9,5071400.0,418.0,6076.0,1624344.85,510875.20999999996,3.1795335107373814,2.195855233964071,4.189962815100442,0.0643671080997745,0.32029515518397284
PRJ-2024-005,2024-09-29,597158.87,1283689.85,161196.32,116816.64,2743500.0,434.0,6402.0,1880848.7200000002,278012.96,6.765327486891235,3.7045440615517546,10.988929744940354,0.06348741954358346,0.6855654164388553
PRJ-2024-005,2024-10-06,500052.51,1416909.51,191445.07,215762.57,4024500.0,402.0,5292.0,1916962.02,407207.64,4.707578718316767,2.611989486070325,6.566984764780997,0.07060063224445545,0.4763230264629145
PRJ-2024-005,2024-10-13,528892.41,1600161.3099999998,191445.07,215762.57,4024500.0,416.0,5626.0,2129053.7199999997,407207.64,5.228422826251478,2.762632696678986,7.416306312999481,0.06885137371730075,0.529023163125854
PRJ-2024-005,2024-10-20,681001.37,1732143.48,296886.24,286983.29,5807500.0,492.0,7302.0,2413144.85,583869.53,4.1330206938526075,2.293812505422945,6.035694552111359,0.06312548113932985,0.4155221437795953
PRJ-2024-005,2024-10-27,577513.11,1876926.64,215794.44999999998,243275.31,4535000.0,432.0,6176.0,2454439.75,459069.76,5.346550707238905,2.6762185496429467,7.7152368647685305,0.06537530266342836,0.5412215545755236
PRJ-2024-005,2024-11-03,614494.89,2035546.06,215794.44999999998,243275.31,4535000.0,460.0,6568.0,2650040.95,459069.76,5.77263235548339,2.8475935780554007,8.367252969485444,0.06545247581103224,0.5843530209481808
PRJ-2024-005,2024-11-10,652474.89,2091979.22,215794.44999999998,243275.31,4535000.0,496.0,6948.0,2744454.11,459069.76,5.978294257500197,3.023594397353579,8.599225379673719,0.06663084363244672,0.6051717993384783
PRJ-2024-005,2024-11-17,817456.62,2108614.25,335343.1,322188.34,6551000.0,586.0,8760.0,2926070.87,657531.44,4.450085109238268,2.4376724017878932,6.5446634412654205,0.06270062058634039,0.4466601847046252
PRJ-2024-005,2024-11-24,713266.76,2257132.21,239845.77,270512.66000000003,5041900.0,534.0,7606.0,2970398.9699999997,510358.43000000005,5.820221231576392,2.9738559074858695,8.343906011644673,0.06560196560195754,0.5891427775243459
PRJ-2024-005,2024-12-01,751012.38,3100657.23,266472.17,288537.61,5462600.0,560.0,8024.0,3851669.61,555009.78,6.939822952309043,2.8183520252790273,10.746111156878264,0.0652376514445404,0.7050982334419506
PRJ-2024-005,2024-12-08,781054.1599999999,3074872.38,239845.77,270512.66000000003,5041900.0,588.0,8328.0,3855926.54,510358.43000000005,7.5553303587049445,3.256485032027026,11.366833552263278,0.06594885598922544,0.7647764810884784
PRJ-2024-005,2024-12-15,809298.83,3074872.38,239845.77,270512.66000000003,5041900.0,594.0,8650.0,3884171.21,510358.43000000005,7.6106731694428795,3.374246833704829,11.366833552263278,0.06425789701427258,0.7703784704178979
PRJ-2024-005,2024-12-22,968234.96,3221008.01,373524.98,356729.42,7286000.0,684.0,10396.0,4189242.9699999997,730254.3999999999,5.736689802896079,2.5921558445702813,9.029274933365437,0.06173285198555399,0.5749715852319516
PRJ-2024-005,2024-12-29,872705.2899999999,3181270.14,264154.45,297503.56,5549200.0,644.0,9326.0,4053975.43,561658.01,7.217871654674688,3.303769026037595,10.693217049234603,0.06459378134402562,0.7305513281193685
PRJ-2024-005,2025-01-05,900631.23,3619376.69,264154.45,297503.56,5549200.0,656.0,9638.0,4520007.92,561658.01,8.04761587927855,3.409487252628137,12.16582648624436,0.06372644258790909,0.8145332516398759
PRJ-2024-005,2025-01-12,929623.4099999999,3800069.05,291442.0,311916.16000000003,5922100.0,670.0,9964.0,4729692.46,603358.16,7.83894670455769,3.1897372719100088,12.182982279597143,0.06300545420349228,0.7986512318265478
PRJ-2024-005,2025-01-19,1093815.99,3946204.68,411670.15,392014.51,8032000.0,758.0,11782.0,5040020.67,803684.66,6.271142054646151,2.657020408207875,10.066476059776436,0.06044657097288194,0.6274926132968127
PRJ-2024-005,2025-01-26,1000953.89,3619376.69,288661.08,325275.4,6066500.0,720.0,10746.0,4620330.58,613936.48,7.5257469306922316,3.467574811263079,11.12711471571471,0.06279434850862875,0.7616138762053901
PRJ-2024-005,2025-02-02,1029603.59,3877124.41,318980.58,341289.4,6481000.0,732.0,11072.0,4906728.0,660269.98,7.431396472091602,3.2277939616261175,11.360225105145336,0.0620128769908453,0.7570942755747568
PRJ-2024-005,2025-02-09,1058279.96,3888149.5,288661.08,325275.4,6066500.0,768.0,11354.0,4946429.46,613936.48,8.056907548481224,3.6661678117465515,11.953407789214886,0.06335588186767337,0.8153679156020769
PRJ-2024-005,2025-02-16,1223017.82,4414243.56,449855.58999999997,426718.9,8767300.0,856.0,13168.0,5637261.38,876574.49,6.431012360398479,2.718689835553666,10.34461693634847,0.06103822019394887,0.6429871659461862
PRJ-2024-005,2025-02-23,1125365.88,3888149.5,312837.8,352244.82999999996,6570900.0,798.0,12102.0,5013515.38,665082.6299999999,7.538184210283755,3.597282297727437,11.03820175302499,0.06186046511627427,0.7629876242219482
PRJ-2024-005,2025-03-02,1151475.52,3888149.5,312837.8,352244.82999999996,6570900.0,808.0,12400.0,5039625.02,665082.6299999999,7.577441948829716,3.680742928124403,11.03820175302499,0.0611750454270093,0.7669611499185802
PRJ-2024-005,2025-03-09,1092891.13,2959099.29,296248.4,264861.13,5498000.0,782.0,11772.0,4051990.42,561109.53,7.221389413934909,3.6891039073966176,11.172267104652121,0.06229090329774874,0.7369935285558383
PRJ-2024-005,2025-03-16,1216511.1099999999,4706261.27,332724.35,362902.2,6881000.0,840.0,13130.0,5922772.379999999,695626.55,8.514298915129087,3.6562130484288162,12.968401045791364,0.06012884753041803,0.8607429704984738
PRJ-2024-005,2025-03-23,1382516.83,5223370.9399999995,488402.74,462638.11000000004,9518700.0,924.0,14970.0,6605887.77,951040.8500000001,6.945955865092432,2.8306901595187557,11.290403507830316,0.058135145337859684,0.6939905417756624
PRJ-2024-005,2025-03-30,1278935.32,5202574.25,374206.93,399873.2,7595300.0,870.0,13822.0,6481509.57,774080.13,8.373176521143867,3.4177221677856067,13.010559972511253,0.05921589980941606,0.8533579410951508
PRJ-2024-005,2025-04-06,908535.59,3724277.5,311349.27999999997,314350.18,6117800.0,666.0,9816.0,4632813.09,625699.46,7.404214620866051,2.918059068580461,11.847543717010081,0.06353749284487087,0.7572678234005686
PRJ-2024-005,2025-04-13,514239.70999999996,1619190.2999999998,219796.53,164104.46,3663500.0,376.0,5470.0,2133430.01,383900.99,5.557240188414191,2.339617054008986,9.866826897940435,0.06431748203899001,0.5823474846458303
PRJ-2024-005,2025-04-20,1500497.0999999999,5581212.54,525639.7000000001,496228.56,10237400.0,982.0,16286.0,7081709.64,1021868.26,6.930159118554081,2.8546114382151817,11.247261826284221,0.05686819550613523,0.6917488463867777
PRJ-2024-005,2025-04-27,477310.70999999996,1460811.7799999998,187195.07,154972.07,3256000.0,348.0,5116.0,1938122.4899999998,342167.14,5.664256626162273,2.549803849000924,9.426290685798998,0.06368960468520064,0.5952464649877147
PRJ-2024-005,2025-05-04,512716.48,1460811.7799999998,187195.07,154972.07,3256000.0,358.0,5532.0,1973528.2599999998,342167.14,5.767731699776881,2.7389422168008872,9.426290685798998,0.06078098471985385,0.6061204729729728
PRJ-2024-005,2025-05-11,540757.49,1460811.7799999998,187195.07,154972.07,3256000.0,374.0,5848.0,2001569.2699999998,342167.14,5.849682906429863,2.8887378818256115,9.426290685798998,0.06010928961747668,0.6147325767813265
PRJ-2024-005,2025-05-18,1622580.19,5712639.55,560038.24,529788.62,10924800.0,1030.0,17690.0,7335219.74,1089826.8599999999,6.730628514698193,2.8972667830682366,10.782865721049253,0.05502136752136458,0.6714282861013473
PRJ-2024-005,2025-05-25,602048.52,1516896.69,198746.34,164872.64,3461700.0,420.0,6506.0,2118945.21,363618.98,5.8273779053007475,3.029230726965825,9.200414877811083,0.06064106266242266,0.6121111621457663
PRJ-2024-005,2025-06-01,635664.1799999999,1516896.69,198746.34,164872.64,3461700.0,440.0,6878.0,2152560.87,363618.98,5.9198253897527415,3.198369237893874,9.200414877811083,0.060125717409119955,0.6218218996446832
PRJ-2024-005,2025-06-08,671144.0,1516896.69,198746.34,164872.64,3461700.0,454.0,7280.0,2188040.69,363618.98,6.0173995592859155,3.376887342931682,9.200414877811083,0.0587018360486089,0.6320711471242452
PRJ-2024-005,2025-06-15,1750269.51,5768724.46,593586.01,561815.4,11590600.0,1106.0,19106.0,7518993.97,1155401.4100000001,6.507689799339948,2.9486367274727328,10.268007000164092,0.05471996833563948,0.6487148180422065
PRJ-2024-005,2025-06-22,721929.29,1516896.69,209293.8,173934.58000000002,3650300.0,478.0,7854.0,2238825.98,383228.38,5.842015092932298,3.449358222747146,8.721075993054349,0.0573691790686441,0.6133265704188695
PRJ-2024-005,2025-06-29,751498.0599999999,1659703.2,209293.8,173934.58000000002,3650300.0,492.0,8186.0,2411201.26,383228.38,6.291812887135325,3.5906369897244756,9.542111752591062,0.05669509103479411,0.6605487932498696
PRJ-2024-005,2025-07-06,776019.28,1659703.2,209293.8,173934.58000000002,3650300.0,500.0,8466.0,2435722.48,383228.38,6.355798805923491,3.70779870211156,9.542111752591062,0.05576622797233373,0.6672663835849106
PRJ-2024-005,2025-07-13,793803.22,1659703.2,209293.8,173934.58000000002,3650300.0,512.0,8662.0,2453506.42,383228.38,6.402204398327686,3.792769876604067,9.542111752591062,0.05580989753651015,0.6721382954825629
PRJ-2024-005,2025-07-20,1731558.01,5911530.97,591605.21,580740.0,11743300.0,1096.0,18918.0,7643088.9799999995,1172345.21,6.51948667918385,2.9268809346692484,10.179307383682868,0.05476166683321401,0.6508467790144166
PRJ-2024-005,2025-07-27,832189.03,1659703.2,219567.61,183142.16999999998,3835700.0,542.0,9084.0,2491892.23,402709.77999999997,6.18781155501114,3.79012655828424,9.062375967260795,0.05630583835445083,0.6496577495633129
PRJ-2024-005,2025-08-03,852358.89,1659703.2,219567.61,183142.16999999998,3835700.0,558.0,9302.0,2512062.09,402709.77999999997,6.237896904316537,3.881988285977136,9.062375967260795,0.056592292089243754,0.6549162056469482
PRJ-2024-005,2025-08-10,874383.12,1659703.2,219567.61,183142.16999999998,3835700.0,578.0,9522.0,2534086.32,402709.77999999997,6.292586984105511,3.9822955671831384,9.062375967260795,0.05722772277227156,0.6606581119482752
PRJ-2024-005,2025-08-17,1815191.49,5911530.97,624212.73,612596.6,12398800.0,1156.0,19818.0,7726722.46,1236809.33,6.247302856293939,2.9079693552548935,9.649957198587112,0.05511585772861375,0.6231830870729425
PRJ-2024-005,2025-08-24,908711.9,1659703.2,230287.66,192400.44999999998,4027300.0,590.0,9914.0,2568415.1,422688.11,6.076383601137951,3.945986076718119,8.626295832468124,0.05616907844630082,0.6377511235815557
PRJ-2024-005,2025-08-31,930539.1799999999,1659703.2,230287.66,192400.44999999998,4027300.0,606.0,10158.0,2590242.38,422688.11,6.128022810956272,4.0407687498322575,8.626295832468124,0.05629877369007281,0.6431709532441088
PRJ-2024-005,2025-09-07,722784.27,950724.78,245679.87,143391.01,3943100.0,446.0,7938.0,1673509.05,389070.88,4.30129607746536,2.9419759543181017,6.630295581291975,0.053196564885489836,0.4244145596104587
PRJ-2024-005,2025-09-14,1895810.04,5911530.97,626669.18,614851.33,12447300.0,1210.0,20682.0,7807341.01,1241520.51,6.288531640931162,3.025216654184265,9.614569704191727,0.05527133199341973,0.6272316896033677
PRJ-2024-005,2025-09-21,526319.78,187299.45,130546.93,73534.85,2243200.0,358.0,5700.0,713619.23,204081.78,3.496731702359694,4.031651912457812,2.5470841376571443,0.05909541102673174,0.31812554832382295
PRJ-2024-005,2025-09-28,544041.38,187299.45,130546.93,73534.85,2243200.0,362.0,5902.0,731340.8300000001,204081.78,3.5835674796642625,4.167400796020219,2.5470841376571443,0.05779054916985028,0.3260256909771754
PRJ-2024-005,2025-10-05,565470.72,187299.45,130546.93,73534.85,2243200.0,384.0,6120.0,752770.1699999999,204081.78,3.6885711698515973,4.331551266659397,2.5470841376571443,0.059040590405894974,0.3355787134450783
PRJ-2024-005,2025-10-12,579763.64,187299.45,130546.93,73534.85,2243200.0,402.0,6296.0,767063.0900000001,204081.78,3.758606427286142,4.441036185224697,2.5470841376571443,0.06001791579575096,0.3419503789229671
PRJ-2024-005,2025-10-19,1982966.52,5911530.97,636469.35,624390.74,12644200.0,1266.0,21662.0,7894497.49,1260860.0899999999,6.261200233564372,3.115572682329474,9.46767879677394,0.05521632937892292,0.6243572143749703
PRJ-2024-005,2025-10-26,621661.24,187299.45,131941.47,74277.17,2271000.0,436.0,6744.0,808960.69,206218.64,3.9228301088591992,4.711644034282742,2.5216287858031947,0.06072423398327845,0.3562134258036106
PRJ-2024-005,2025-11-02,641097.92,187299.45,131941.47,74277.17,2271000.0,448.0,6964.0,828397.3700000001,206218.64,4.01708288833636,4.858956929917449,2.5216287858031947,0.060442525634098694,0.3647720695728753
PRJ-2024-005,2025-11-09,658608.33,187299.45,131941.47,74277.17,2271000.0,460.0,7152.0,845907.78,206218.64,4.1019947566330375,4.991670397487575,2.5216287858031947,0.06043089858117966,0.37248250990752957
PRJ-2024-005,2025-11-16,2059894.31,5911530.97,646959.32,635005.58,12858100.0,1318.0,22518.0,7971425.279999999,1281964.9,6.218130683609195,3.183962648532518,9.309415784976236,0.05529451250209535,0.6199535918992696
PRJ-2024-005,2025-11-23,690165.37,187299.45,133513.78,75114.53,2302800.0,462.0,7536.0,877464.8200000001,208628.31,4.2058760865195906,5.169244477985679,2.4935182314260307,0.05776444111027034,0.38104256557234656
PRJ-2024-005,2025-11-30,710300.03,187299.45,133513.78,75114.53,2302800.0,472.0,7764.0,897599.48,208628.31,4.30238580756368,5.320050334879252,2.4935182314260307,0.05730937348226599,0.38978612124370315
PRJ-2024-005,2025-12-07,669090.28,187299.45,133513.78,75114.53,1971100.0,426.0,7316.0,856389.73,208628.31,4.104858683847825,5.011394928673243,2.4935182314260307,0.05502454146214737,0.4344729998478005
PRJ-2024-005,2025-12-14,1693421.06,5911530.97,593769.2000000001,607511.84,12133000.0,1044.0,18572.0,7604952.029999999,1201281.04,6.330701789815973,2.85198535053687,9.730725527917267,0.05322185970635944,0.6267989804664962
