project_id,sov_line_id,week_end,labor_hours_w,labor_cost_w,st_hours_w,ot_hours_w,material_cost_w,material_qty_w,pct_complete,total_billed,scheduled_value,description,labor_hours_td,labor_cost_td,material_cost_td,st_hours_td,ot_hours_td,pct_complete_td,total_billed_td,estimated_labor_hours,estimated_labor_cost,estimated_material_cost,productivity_factor,budget_hours_adj,earned_labor_hours_td,earned_labor_cost_td,earned_material_cost_td,labor_burn_mult_cost,labor_burn_mult_hours,material_burn_mult_cost,ot_ratio_td,billing_lag_ratio,labor_cost_ratio,mat_cost_ratio,labor_scale,mat_scale,budget_labor_cost_scaled,budget_material_cost_scaled,var_labor_scaled,var_material_scaled,var_total_scaled,budget_rate,actual_labor_rate,labor_hours_var,hours_component,rate_component,labor_overrun_norm,mat_overrun_norm,week_end_first_activity,pct_at_first_activity,labor_burn_mult_cost_at_first,labor_burn_mult_hours_at_first,ot_ratio_at_first,bill_lag_at_first,labor_bm_cost_norm,labor_bm_hours_norm,archetype
PRJ-2024-001,PRJ-2024-001-SOV-01,2025-10-05,16.0,1335.6799999999998,16.0,0.0,0.0,0.0,0.0,0.0,0.0,,5390.0,461854.64999999997,0.0,5124.0,266.0,100.0,2064200.0,1850,127450,83100,1.0,1850.0,1850.0,127450.0,83100.0,3.6238105139270016,2.9135135135119388,0.0,0.049350649350640194,0.22374510706326894,3.62381051392703,0.0,1.3517001096505146,9.999885759471088,172274.17897495808,830990.5066120474,289580.4710250419,-830990.5066120474,-541410.0355870056,68.89189189189189,85.68731910946197,3540.0,243877.29729729728,90527.35270270273,2.6809278813945046,0.0,2024-05-26,13.0,2.9725672209311056,2.386694386684463,0.045296167247307846,0.18343009310986896,2.1991321873167102,1.765698151445627,Early productivity drift (hours-driven)
PRJ-2024-001,PRJ-2024-001-SOV-02,2025-05-18,0.0,0.0,0.0,0.0,0.0,0.0,100.0,740800.0,740800.0,Submittals & Engineering,2144.0,186679.94,0.0,2016.0,128.0,100.0,740800.0,680,48200,24150,1.0,680.0,680.0,48200.0,24150.0,3.8730278008297954,3.1529411764659514,0.0,0.059701492537285586,0.2519977591792653,3.8730278008298757,0.0,1.3517001096505146,9.999885759471088,65151.945285154805,241497.24109122678,121527.9947148452,-241497.24109122678,-119969.24637638158,70.88235294117646,87.07086753731343,1464.0,103771.76470588235,34708.17529411766,2.865301090317937,0.0,2024-05-26,13.0,8.818416852855279,7.556561085887369,0.06586826347295528,0.5737923156801601,6.523944759175434,5.590412419401758,Early productivity drift (hours-driven)
PRJ-2024-001,PRJ-2024-001-SOV-03,2025-10-19,0.0,0.0,0.0,0.0,0.0,0.0,99.8,3018900.0,3024300.0,Ductwork - Fabrication,3090.0,267633.13,964120.06,2904.0,186.0,99.8,3018900.0,2420,189500,96450,0.85,2847.0588235294117,2841.364705882353,189121.0,96257.1,1.4151423162948515,1.0875055896913974,10.016092942754248,0.060194174757262076,0.4080139090397163,1.4123120316622693,9.996060756868845,1.3517001096505146,9.999885759471088,256147.1707787725,964488.9815009864,11485.959221227502,-368.92150098632555,11117.037720241176,78.30578512396694,86.61266343042071,242.9411764705883,19023.69956246962,25668.253966942146,1.04484124883483,0.9996174952700492,2024-05-26,10.7,0.16929894212511185,0.11160886691861101,0.05882352941003461,0.1545248762376233,0.1252488927027132,0.08256925189189968,On-track / underrun
PRJ-2024-001,PRJ-2024-001-SOV-04,2025-10-19,0.0,0.0,0.0,0.0,0.0,0.0,99.9,4196600.0,4202000.0,Ductwork - Installation,3066.0,265724.05,1087015.75,2924.0,142.0,99.9,4196600.0,3850,265400,108700,0.8,4812.5,4807.687500000001,265134.60000000003,108591.30000000002,1.002223210399544,0.6377286377285049,10.010155049253392,0.04631441617741477,0.3223418481627984,1.0012209871891484,10.000144894204231,1.3517001096505146,9.999885759471088,358741.20910124655,1086987.5820545072,-93017.15910124657,28.167945492779836,-92988.99115575379,68.93506493506493,86.6679876060013,-1746.5,-120395.0909090909,54369.14090909093,0.7407123660789673,1.0000259136693417,2024-05-26,10.4,0.061581212683320466,0.02397602397597607,0.33333333330555553,0.6776411306935209,0.045558339603659646,0.017737679968404713,On-track / underrun
PRJ-2024-001,PRJ-2024-001-SOV-05,2025-10-19,0.0,0.0,0.0,0.0,0.0,0.0,99.8,3464000.0,3469400.0,Piping - Hydronic Systems,3254.0,279676.63999999996,953964.38,3074.0,180.0,99.8,3464000.0,3200,229800,95400,0.85,3764.7058823529414,3757.1764705882356,229340.4,95209.2,1.2194826554763083,0.8660759018033767,10.019665956651142,0.05531653349721717,0.3561319341801385,1.217043690165361,9.999626624737946,1.3517001096505146,9.999885759471088,310620.68519768823,953989.1014535418,-30944.045197688276,-24.72145354177337,-30968.76665123005,71.8125,85.94856791641055,-510.70588235294144,-36675.06617647061,45998.76499999994,0.9003799589685951,0.9999740861306365,2024-06-23,21.5,0.38178537454206124,0.2643895348833943,0.12149532710223601,0.10782820891514484,0.2824482823770167,0.1955977755717983,On-track / underrun
PRJ-2024-001,PRJ-2024-001-SOV-06,2025-10-19,0.0,0.0,0.0,0.0,0.0,0.0,99.7,2075600.0,2082000.0,Piping - Refrigerant,1502.0,123994.77999999998,553312.4,1422.0,80.0,99.7,2075600.0,2100,158100,55350,0.9,2333.3333333333335,2326.3333333333335,157625.7,55183.95,0.786640630303302,0.6456512394323058,10.026690731634652,0.05326231691075016,0.3263187415687029,0.7842807084123972,9.996610659439929,1.3517001096505146,9.999885759471088,213703.78733574634,553493.6767867247,-89709.00733574636,-181.27678672468755,-89890.28412247104,75.28571428571429,82.55311584553927,-831.3333333333335,-62587.523809523824,10915.637142857113,0.5802179804771577,0.9996724861553633,2024-09-15,37.0,0.021639400311126697,0.018532818532797066,0.0,0.1988530840150627,0.016009024591048224,0.013710747218832456,On-track / underrun
PRJ-2024-001,PRJ-2024-001-SOV-07,2025-10-19,0.0,0.0,0.0,0.0,0.0,0.0,99.7,5473600.0,5488800.0,Equipment - RTUs/AHUs,1672.0,141624.34,4359731.72,1584.0,88.0,99.7,5473600.0,1650,106450,435800,1.0,1650.0,1645.05,106130.65,434492.6,1.33443392648588,1.0163824807750426,10.034075885296987,0.05263157894733694,0.8223757782812041,1.3304306247064348,10.003973657641119,1.3517001096505146,9.999885759471088,143888.47667229729,4357950.2139775,-2264.136672297289,1781.5060224998742,-482.63064979741466,64.51515151515152,84.70355263157894,22.0,1419.3333333333333,33755.00666666666,0.9842646414123202,1.0004087943870485,2024-09-15,36.5,0.11819556419181639,0.07970112079687887,0.0,0.6814860650828506,0.08744215026729116,0.058963611949785354,On-track / underrun
PRJ-2024-001,PRJ-2024-001-SOV-08,2025-10-19,0.0,0.0,0.0,0.0,0.0,0.0,99.9,3558300.0,3561600.0,Equipment - Chillers/Boilers,1850.0,158524.15999999997,2686319.9000000004,1716.0,134.0,99.9,3558300.0,1480,100700,268600,1.0,1480.0,1478.5200000000002,100599.30000000002,268331.4,1.5757978435237459,1.2512512512504048,10.011202192512656,0.07243243243239328,0.7994952814546271,1.574222045680238,10.00119099032018,1.3517001096505146,9.999885759471088,136116.2010418068,2685969.3149939342,22407.958958193165,350.58500606613234,22758.543964259297,68.04054054054055,85.68873513513512,370.0,25175.000000000004,32649.159999999956,1.1646237455160209,1.000130524476011,2024-09-15,36.8,0.044130218902464165,0.040393654524015145,0.0,1.0088319618320607,0.03264793614703945,0.029883591934142428,On-track / underrun
PRJ-2024-001,PRJ-2024-001-SOV-09,2025-10-19,0.0,0.0,0.0,0.0,0.0,0.0,99.8,2635900.0,2640400.0,Equipment - Terminal Units (VAV/FCU),3324.0,294776.41,1875828.0099999998,3084.0,240.0,99.8,2635900.0,720,47250,187650,1.0,720.0,718.56,47155.5,187274.7,6.251156492879807,4.625918503667577,10.016451821842404,0.07220216606496023,0.8234775294965663,6.238654179894179,9.996418918198772,1.3517001096505146,9.999885759471088,63867.83018098681,1876478.5627647496,230908.57981901316,-650.5527647498529,230258.0270542633,65.625,88.68123044524668,2604.0,170887.5,76638.90999999997,4.615412938667035,0.9996533118122137,2024-09-15,37.1,0.32654088050312596,0.2845163222511062,0.052631578946675896,0.718508292533659,0.24157790469217022,0.21048775538989992,Terminal units labor overrun (recurring)
PRJ-2024-001,PRJ-2024-001-SOV-10,2025-10-19,0.0,0.0,0.0,0.0,0.0,0.0,97.6,2352000.0,2408700.0,Controls - DDC/BAS Installation,1550.0,132361.09,974592.94,1484.0,66.0,97.6,2352000.0,2280,164350,97500,0.95,2400.0,2342.4,160405.6,95160.0,0.8251650191763827,0.6617144808740344,10.24162400168127,0.04258064516126285,0.4706437202380951,0.8053610587161545,9.995825025641025,1.3517001096505146,9.999885759471088,222151.91302106206,974988.8615484311,-89790.82302106207,-395.92154843115713,-90186.74456949322,72.08333333333333,85.39425161290322,-850.0,-61270.83333333333,20631.92333333333,0.5958134148029065,0.9995939218779661,2025-03-02,63.7,0.09851395942056022,0.08110936682359948,0.032258064515868885,0.17604965458811253,0.07288152057126764,0.06000544513129104,On-track / underrun
PRJ-2024-001,PRJ-2024-001-SOV-11,2025-10-19,0.0,0.0,0.0,0.0,0.0,0.0,97.5,1564100.0,1604700.0,Controls - Programming & Commissioning,1970.0,175524.41999999998,675680.68,1868.0,102.0,97.5,1564100.0,1650,119900,67550,0.9,1833.3333333333333,1787.4999999999998,116902.5,65861.25,1.501459934560839,1.1020979020972856,10.259153599422874,0.05177664974616661,0.5442139888753913,1.4639234361968305,10.002674759437454,1.3517001096505146,9.999885759471088,162068.8431470967,675492.2830522719,13455.576852903294,188.39694772812072,13643.973800631415,72.66666666666667,89.09869035532994,136.66666666666674,9931.111111111117,32371.08666666663,1.0830238339569975,1.0002789030827977,2025-03-02,63.9,0.10519303384014447,0.07170294494232035,0.04761904761848072,0.6061037759781436,0.07782276039728933,0.05304648891965603,On-track / underrun
PRJ-2024-001,PRJ-2024-001-SOV-12,2025-10-19,0.0,0.0,0.0,0.0,0.0,0.0,97.4,1819500.0,1868500.0,Insulation,1668.0,147501.02,609178.1799999999,1592.0,76.0,97.4,1819500.0,1850,135150,60900,0.85,2176.470588235294,2119.8823529411766,131636.1,59316.600000000006,1.1205210424799799,0.7868361174312287,10.269944332614978,0.045563549160644146,0.4158720527617475,1.0913874953755087,10.002925779967159,1.3517001096505146,9.999885759471088,182682.26981926704,608993.0427517892,-35181.24981926705,185.13724821072537,-34996.11257105632,73.05405405405405,88.42986810551558,-508.47058823529414,-37145.83783783784,25646.857837837837,0.8074183665267759,1.0003040054225343,2025-03-02,63.4,0.09771780624635906,0.07826754198988274,0.0370370370366941,0.1836474497551088,0.07229251923293231,0.05790303734769687,On-track / underrun
PRJ-2024-001,PRJ-2024-001-SOV-13,2025-10-19,0.0,0.0,0.0,0.0,0.0,0.0,97.8,768500.0,785400.0,"Testing, Adjusting & Balancing (TAB)",492.0,41757.659999999996,0.0,476.0,16.0,97.8,768500.0,0,0,0,1.0,0.0,0.0,0.0,0.0,,,,0.032520325203185936,0.05433657774886134,,,1.3517001096505146,9.999885759471088,0.0,0.0,41757.659999999996,0.0,41757.659999999996,,84.87329268292682,492.0,0.0,,,,2025-07-20,95.0,,,0.1111111111090535,0.006862233543370415,,,Unbudgeted labor (scope/coding gap)
PRJ-2024-001,PRJ-2024-001-SOV-14,2025-10-19,0.0,0.0,0.0,0.0,0.0,0.0,97.6,800700.0,820400.0,Startup & Commissioning Support,406.0,36934.06,0.0,372.0,34.0,97.6,800700.0,680,47800,26350,1.0,680.0,663.68,46652.799999999996,25717.6,0.7916793847314462,0.611740597877574,0.0,0.08374384236432576,0.04612721368802292,0.7726790794979079,0.0,1.3517001096505146,9.999885759471088,64611.2652412946,263496.98976206314,-27677.2052412946,-263496.98976206314,-291174.1950033577,70.29411764705883,90.97059113300492,-274.0,-19260.58823529412,8394.648235294113,0.5716349901947074,0.0,2025-07-20,95.1,0.04757467365336538,0.04639079606598876,0.06666666666444444,0.0027704842428900806,0.0351961750084268,0.03432033163307421,On-track / underrun
PRJ-2024-001,PRJ-2024-001-SOV-15,2025-10-19,0.0,0.0,0.0,0.0,0.0,0.0,97.7,422700.0,432800.0,Closeout Documentation & Training,442.0,40639.899999999994,0.0,428.0,14.0,97.7,422700.0,420,29600,16900,1.0,420.0,410.34,28919.2,16511.3,1.4052912943649405,1.0771555295582271,0.0,0.03167420814472472,0.09614360066240808,1.3729695945945943,0.0,1.3517001096505146,9.999885759471088,40010.32324565523,168998.0693350614,629.5767543447655,-168998.0693350614,-168368.49258071661,70.47619047619048,91.94547511312216,22.0,1550.4761904761906,9489.4238095238,1.0157353571080179,0.0,2025-07-13,86.9,0.03776008459552616,0.021919009260721357,0.0,0.002583191489361695,0.027935253018033616,0.016215881827643476,On-track / underrun
PRJ-2024-002,PRJ-2024-002-SOV-01,2026-02-15,18.0,1607.2799999999997,16.0,2.0,0.0,0.0,0.0,0.0,0.0,,7626.0,655664.4199999999,0.0,7152.0,474.0,100.0,2017400.0,2100,151950,87700,1.0,2100.0,2100.0,151950.0,87700.0,4.315001118789047,3.6314285714268424,0.0,0.06215578284814291,0.3250046693764249,4.315001118789075,0.0,1.969134482363938,9.997674061158799,299209.9845952004,876796.0151636266,356454.43540479953,-876796.0151636266,-520341.5797588271,72.35714285714286,85.97750065565171,5526.0,399845.5714285715,103868.84857142848,2.191318650525883,0.0,2024-03-31,10.7,3.5046513701934963,3.0440587449797776,0.06725146198820578,0.26465815141662674,1.7797927971919842,1.5458866678214433,Early productivity drift (hours-driven)
PRJ-2024-002,PRJ-2024-002-SOV-02,2025-07-27,0.0,0.0,0.0,0.0,0.0,0.0,100.0,1003300.0,1003300.0,Submittals & Engineering,2362.0,204407.47999999998,0.0,2250.0,112.0,100.0,1003300.0,920,63000,36050,1.0,920.0,920.0,63000.0,36050.0,3.244563174603123,2.5673913043450356,0.0,0.0474174428450265,0.20373515399182673,3.2445631746031744,0.0,1.969134482363938,9.997674061158799,124055.4723889281,360416.1499047747,80352.00761107188,-360416.1499047747,-280064.1422937028,68.47826086956522,86.53999999999999,1442.0,98745.65217391304,42661.827826086934,1.647710302173129,0.0,2024-03-31,10.1,7.642369951279641,6.091261299977495,0.05300353356881095,0.48146930693068823,3.881080756974976,3.093369879730911,Early productivity drift (hours-driven)
PRJ-2024-002,PRJ-2024-002-SOV-03,2026-02-22,0.0,0.0,0.0,0.0,0.0,0.0,99.9,2938200.0,2939700.0,Ductwork - Fabrication,3870.0,337999.44,1171009.25,3690.0,180.0,99.9,2938200.0,2450,169100,117100,0.85,2882.3529411764707,2879.4705882352946,168930.90000000002,116982.90000000001,2.00081477100991,1.3439970582823055,10.01008908139557,0.046511627906964725,0.513582700292696,1.998813956238912,10.000078992314261,1.969134482363938,9.997674061158799,332980.6409677419,1170727.6325616953,5018.799032258103,281.6174383047037,5300.416470562806,69.0204081632653,87.33835658914728,987.6470588235293,68167.80312124848,70890.46040816326,1.0150723442841039,1.000240548965732,2024-04-28,16.2,0.07648042286323102,0.047115142353136685,0.0,0.41383281381634285,0.03883961380462799,0.023926828132453563,On-track / underrun
PRJ-2024-002,PRJ-2024-002-SOV-04,2026-02-22,0.0,0.0,0.0,0.0,0.0,0.0,99.8,3510500.0,3517700.0,Ductwork - Installation,4138.0,352591.26999999996,1446638.2500000002,3944.0,194.0,99.8,3510500.0,3200,225700,144700,0.8,4000.0,3992.0,225248.6,144410.6,1.5653427812647822,1.0365731462923256,10.017535070140212,0.04688255195745604,0.512527993163367,1.5622120957022594,9.997500000000002,1.969134482363938,9.997674061158799,444433.65266954084,1446663.4366496783,-91842.38266954088,-25.18664967804216,-91867.56931921892,70.53125,85.20813678105364,138.0,9733.3125,60732.95749999996,0.7933496208108008,0.9999825897345939,2024-04-28,15.9,0.14571800380646246,0.09748427672940647,0.09677419354682623,0.2632069767441856,0.07400104210126245,0.04950615488835015,On-track / underrun
PRJ-2024-002,PRJ-2024-002-SOV-05,2026-02-22,0.0,0.0,0.0,0.0,0.0,0.0,99.9,2692000.0,2695500.0,Piping - Hydronic Systems,3916.0,339606.13,941720.96,3648.0,268.0,99.9,2692000.0,2680,191400,94200,0.85,3152.9411764705883,3149.788235294118,191208.60000000003,94105.80000000002,1.776102800815435,1.2432581835562961,10.007044836768719,0.06843718079671388,0.4759758878157502,1.774326698014629,9.997037791932058,1.969134482363938,9.997674061158799,376892.3399244578,941780.8965611588,-37286.20992445777,-59.93656115885824,-37346.14648561663,71.41791044776119,86.72270939734423,763.0588235294117,54496.06672519753,59933.5926865672,0.9010693342709019,0.9999363581746223,2024-04-28,15.4,0.10823291128933393,0.0864993215737703,0.047619047617913836,0.007663295700216171,0.054964712772911296,0.04392758458325336,On-track / underrun
PRJ-2024-002,PRJ-2024-002-SOV-06,2026-02-22,0.0,0.0,0.0,0.0,0.0,0.0,99.9,1981400.0,1984300.0,Piping - Refrigerant,2196.0,196579.74,807672.54,2056.0,140.0,99.9,1981400.0,1850,132700,80800,0.9,2055.5555555555557,2053.5000000000005,132567.30000000002,80719.20000000001,1.4828674944726075,1.0693937180418458,10.005953230458056,0.06375227686700194,0.5068397496719489,1.481384626978146,9.995947277227723,1.969134482363938,9.997674061158799,261304.14580969457,807812.0641416309,-64724.40580969458,-139.52414163085632,-64863.92995132544,71.72972972972973,89.51718579234972,140.44444444444434,10074.042042042034,39061.25351351351,0.7523024148393543,0.9998272813335918,2024-09-15,39.8,0.014945867241254976,0.012223278554921906,0.19999999998,0.7897086300849058,0.00759006932615514,0.0062074371548460575,On-track / underrun
PRJ-2024-002,PRJ-2024-002-SOV-07,2026-02-22,0.0,0.0,0.0,0.0,0.0,0.0,99.8,4529900.0,4539000.0,Equipment - RTUs/AHUs,2272.0,193234.4,3560259.06,2112.0,160.0,99.8,4529900.0,1780,123650,356000,1.0,1780.0,1776.44,123402.7,355288.0,1.5658847010640644,1.2789624192197435,10.020769235099385,0.0704225352112366,0.828604044239387,1.562752931661949,10.000727696629214,1.969134482363938,9.997674061158799,243483.47874430096,3559171.9657725324,-50249.07874430096,1087.0942274676636,-49161.9845168333,69.46629213483146,85.05035211267605,492.0,34177.41573033708,35406.984269662906,0.7936242775009624,1.0003054344892024,2024-09-15,39.6,0.03055055202244788,0.022698899103361283,0.0,0.21433097172751545,0.01551471079327063,0.011527348332544558,On-track / underrun
PRJ-2024-002,PRJ-2024-002-SOV-08,2026-02-22,0.0,0.0,0.0,0.0,0.0,0.0,99.7,2819700.0,2827000.0,Equipment - Chillers/Boilers,2032.0,171721.3,2345848.99,1924.0,108.0,99.7,2819700.0,1180,80650,234600,1.0,1180.0,1176.46,80408.05,233896.2,2.1356232367281365,1.7272155449384363,10.029444642537973,0.05314960629918644,0.8928504060715676,2.1292163670179787,9.999356308610402,1.969134482363938,9.997674061158799,158810.69600265162,2345454.334747854,12910.603997348371,394.65525214606896,13305.25924949444,68.34745762711864,84.50851377952755,852.0,58232.03389830508,32839.26610169489,1.0812955565028455,1.000168263782266,2024-09-15,39.7,0.05481907861346787,0.05123169534207567,0.0,0.4381943374353483,0.027839174559483922,0.026017367414415928,On-track / underrun
PRJ-2024-002,PRJ-2024-002-SOV-09,2026-02-22,0.0,0.0,0.0,0.0,0.0,0.0,99.8,2456200.0,2461900.0,Equipment - Terminal Units (VAV/FCU),4252.0,359255.55,1863598.89,4002.0,250.0,99.8,2456200.0,880,61050,186400,1.0,880.0,878.24,60927.9,186027.2,5.896404602817332,4.841501184181042,10.017883890097737,0.05879586077138786,0.9049973292077189,5.884611793611794,9.997848122317595,1.969134482363938,9.997674061158799,120215.66014831842,1863566.445,239039.88985168157,32.44499999983236,239072.3348516814,69.375,84.49095719661335,3372.0,233932.5,64273.04999999997,2.9884255460088327,1.0000174100653474,2024-09-15,39.4,0.11256812881177895,0.09806183664023403,0.05882352941003461,1.485821223985162,0.05716629806790802,0.04979946137183669,Terminal units labor overrun (recurring)
PRJ-2024-002,PRJ-2024-002-SOV-10,2026-02-22,0.0,0.0,0.0,0.0,0.0,0.0,97.5,1763700.0,1809200.0,Controls - DDC/BAS Installation,2078.0,179953.05,502853.95000000007,1966.0,112.0,97.5,1763700.0,1680,120600,50300,0.95,1768.421052631579,1724.2105263157894,117585.0,49042.5,1.5304082153335754,1.2051892551885564,10.253432227149714,0.0538979788257681,0.3871446391109597,1.4921480099502487,9.997096421471173,1.969134482363938,9.997674061158799,237477.61857309093,502883.00527628756,-57524.568573090946,-29.055276287486777,-57553.62384937843,71.78571428571429,86.59915784408084,309.57894736842104,22223.345864661656,30782.335714285677,0.7577684625181872,0.9999422224925286,2025-04-27,66.8,0.04914052492030803,0.05079127459362681,0.06666666666555555,0.06855301663494161,0.02495539300919642,0.025793705317098698,On-track / underrun
PRJ-2024-002,PRJ-2024-002-SOV-11,2026-02-22,0.0,0.0,0.0,0.0,0.0,0.0,97.7,1109900.0,1136500.0,Controls - Programming & Commissioning,2736.0,234834.47,476521.71,2600.0,136.0,97.7,1109900.0,920,63000,47650,0.9,1022.2222222222222,998.711111111111,61551.0,46554.049999999996,3.8152827736348103,2.739530951000773,10.235880873951672,0.04970760233916312,0.6409191638886381,3.7275312698412697,10.000455613850997,1.969134482363938,9.997674061158799,124055.4723889281,476389.16901421675,110778.9976110719,132.54098578327103,110911.53859685517,68.47826086956522,85.83131213450292,1713.7777777777778,117356.52173913045,47477.94826086956,1.8929795305160393,1.000278219881414,2025-04-27,67.0,0.1597455579246586,0.10220635950666453,0.11428571428408163,0.2926447537754428,0.08112475774217306,0.051904204801726896,Controls/commissioning labor overrun (recurring)
PRJ-2024-002,PRJ-2024-002-SOV-12,2026-02-22,0.0,0.0,0.0,0.0,0.0,0.0,97.6,1615800.0,1655300.0,Insulation,2254.0,197353.75,465854.39,2156.0,98.0,97.6,1615800.0,1320,91850,46600,0.85,1552.9411764705883,1515.6705882352942,89645.59999999999,45481.6,2.2014884166093798,1.4871305265762667,10.242700124885443,0.043478260869545926,0.41045187523208293,2.1486526946107785,9.996875321888412,1.969134482363938,9.997674061158799,180865.0022051277,465891.61125,16488.747794872295,-37.22125000000233,16451.526544872293,69.58333333333333,87.5571206743567,701.0588235294117,48782.00980392156,40512.91666666667,1.0911660492279531,0.9999201073904156,2025-04-27,66.3,0.10984793062989431,0.07964257964250229,0.0,0.19935510520083777,0.055784879883997274,0.04044547506295569,On-track / underrun
PRJ-2024-002,PRJ-2024-002-SOV-13,2026-02-22,0.0,0.0,0.0,0.0,0.0,0.0,97.8,605000.0,618500.0,"Testing, Adjusting & Balancing (TAB)",610.0,53595.89,0.0,584.0,26.0,97.8,605000.0,0,0,0,1.0,0.0,0.0,0.0,0.0,,,,0.04262295081960226,0.08858824793388415,,,1.969134482363938,9.997674061158799,0.0,0.0,53595.89,0.0,53595.89,,87.86211475409836,610.0,0.0,,,,2025-11-02,95.3,,,0.0,0.004289156626506016,,,Unbudgeted labor (scope/coding gap)
PRJ-2024-002,PRJ-2024-002-SOV-14,2026-02-22,0.0,0.0,0.0,0.0,0.0,0.0,97.9,579900.0,592300.0,Startup & Commissioning Support,588.0,50280.719999999994,0.0,564.0,24.0,97.9,579900.0,520,36750,17150,1.0,520.0,509.08000000000004,35978.25,16789.850000000002,1.3975310083174863,1.1550247505280995,0.0,0.04081632653054283,0.08670584583548871,1.368182857142857,0.0,1.969134482363938,9.997674061158799,72365.69222687473,171460.1101488734,-22084.972226874735,-171460.1101488734,-193545.08237574814,70.67307692307692,85.51142857142857,68.0,4805.7692307692305,8724.950769230769,0.694814330205374,0.0,2025-10-26,95.4,0.024139534220396067,0.016126431220738334,0.0,0.001497381457891009,0.012258956625023241,0.008189603786323935,On-track / underrun
PRJ-2024-002,PRJ-2024-002-SOV-15,2026-02-22,0.0,0.0,0.0,0.0,0.0,0.0,97.9,452500.0,462400.0,Closeout Documentation & Training,672.0,57116.95,0.0,656.0,16.0,97.9,452500.0,420,29450,12400,1.0,420.0,411.18000000000006,28831.550000000003,12139.6,1.981057209896728,1.634320735440356,0.0,0.023809523809488378,0.12622530386740302,1.9394550084889643,0.0,1.969134482363938,9.997674061158799,57991.010505617975,123971.15835836911,-874.0605056179775,-123971.15835836911,-124845.21886398709,70.11904761904762,84.9954613095238,252.0,17670.0,9996.949999999995,0.9849276547001822,0.0,2025-10-26,94.9,0.027250559520251773,0.020071252947914918,0.0,0.0017364341085271276,0.013838851409325142,0.01019293152269952,On-track / underrun
PRJ-2024-003,PRJ-2024-003-SOV-01,2025-04-27,16.0,1789.1999999999998,16.0,0.0,0.0,0.0,0.0,0.0,0.0,,3152.0,272412.02999999997,0.0,2968.0,184.0,100.0,344700.0,340,23700,13600,1.0,340.0,340.0,23700.0,13600.0,11.494178481012172,9.270588235266851,0.0,0.05837563451774798,0.7902872932985181,11.494178481012657,0.0,5.651416134920204,10.003480322825954,133938.56239760882,136047.33239043297,138473.46760239115,-136047.33239043297,2426.1352119581716,69.70588235294117,86.42513642131979,2812.0,196012.94117647057,52699.088823529404,2.033858099380715,0.0,2024-04-14,17.9,8.681924899227145,7.065395990682462,0.07906976744167658,0.5979112012986917,1.536238827653326,1.2501992103846415,Early productivity drift (hours-driven)
PRJ-2024-003,PRJ-2024-003-SOV-02,2025-02-09,0.0,0.0,0.0,0.0,0.0,0.0,100.0,140800.0,140800.0,Submittals & Engineering,1424.0,119977.48,0.0,1346.0,78.0,100.0,140800.0,140,9850,4140,1.0,140.0,140.0,9850.0,4140.0,12.180454822333788,10.17142857135592,0.0,0.05477528089883794,0.8521127840909031,12.180454822335024,0.0,5.651416134920204,10.003480322825954,55666.44892896401,41414.40853649945,64311.031071035984,-41414.40853649945,22896.62253453653,70.35714285714286,84.25384831460674,1284.0,90338.57142857143,19788.908571428565,2.1552925018059175,0.0,2024-04-14,18.3,27.458727913218794,23.341139733671305,0.06688963210691155,1.9259038910505086,4.85873403281915,4.1301399812545805,Early productivity drift (hours-driven)
PRJ-2024-003,PRJ-2024-003-SOV-03,2025-05-11,0.0,0.0,0.0,0.0,0.0,0.0,99.9,519700.0,520300.0,Ductwork - Fabrication,1580.0,135704.5,223245.53000000003,1486.0,94.0,99.9,519700.0,520,36950,22300,0.85,611.7647058823529,611.1529411764707,36913.05,22277.7,3.676328561308164,2.5852775852733547,10.021031345246143,0.0594936708860383,0.6906869924956693,3.6726522327469553,10.011010313901346,5.651416134920204,10.003480322825954,208819.82618530153,223077.61119901878,-73115.32618530153,167.91880098124966,-72947.40738432028,71.0576923076923,85.88892405063291,968.2352941176471,68800.56561085973,23433.346153846152,0.6498640596298698,1.000752737030632,2024-04-14,13.7,1.3508805547047498,0.6920269511427819,0.17241379310047564,0.7840935393258316,0.23903399116525856,0.12245195443037413,On-track / underrun
PRJ-2024-003,PRJ-2024-003-SOV-04,2025-05-11,0.0,0.0,0.0,0.0,0.0,0.0,99.7,645200.0,647400.0,Ductwork - Installation,2450.0,238135.24,186123.19,2208.0,242.0,99.7,645200.0,720,50400,18600,0.85,847.0588235294118,844.5176470588236,50248.8,18544.2,4.739122924328447,2.9010643040197452,10.03673331823373,0.09877551020404132,0.6575611128332289,4.724905555555555,10.00662311827957,5.651416134920204,10.003480322825954,284831.37319997826,186064.73400456275,-46696.13319997827,58.45599543725257,-46637.67720454102,70.0,97.19805714285714,1602.9411764705883,112205.88235294117,66635.23999999999,0.836056917756264,1.000314170103938,2024-04-14,13.6,0.4102824463117981,0.3298611111082477,0.05263157894598339,0.7870987514188333,0.07259816591881407,0.0583678680130564,On-track / underrun
PRJ-2024-003,PRJ-2024-003-SOV-05,2025-05-11,0.0,0.0,0.0,0.0,0.0,0.0,99.7,522700.0,524500.0,Piping - Hydronic Systems,2282.0,213123.69,141587.98,2098.0,184.0,99.7,522700.0,480,33600,14150,0.85,564.7058823529412,563.0117647058823,33499.2,14107.55,6.362053123656495,4.053201270470902,10.036326647787176,0.08063102541626616,0.6786142529175423,6.342966964285714,10.006217667844524,5.651416134920204,10.003480322825954,189887.58213331885,141549.24656798725,23236.10786668115,38.73343201275566,23274.841298693907,70.0,93.39337861524979,1717.2941176470588,120210.58823529411,53383.69000000002,1.122367706028556,1.0002736391664953,2024-04-14,12.7,1.0893513310833591,0.836614173216681,0.06666666666555555,0.06990195488721698,0.19275723197226266,0.14803620067883347,On-track / underrun
PRJ-2024-003,PRJ-2024-003-SOV-06,2025-05-11,0.0,0.0,0.0,0.0,0.0,0.0,99.7,351200.0,352400.0,Piping - Refrigerant,832.0,76303.01999999999,131560.02,796.0,36.0,99.7,351200.0,300,21050,13150,0.9,333.3333333333333,332.3333333333333,20986.85,13110.55,3.6357538172711177,2.5035105315872515,10.034668263344402,0.04326923076917876,0.5918651480637795,3.624846555819477,10.004564258555133,5.651416134920204,10.003480322825954,118962.30964007029,131545.7662451613,-42659.2896400703,14.253754838689929,-42645.03588523161,70.16666666666667,91.71036057692307,498.6666666666667,34989.77777777778,17924.353333333318,0.6414049980817916,1.0001083557615278,2024-06-30,26.6,0.2077974032467973,0.18045112781751368,0.0,1.157097011739582,0.03676908552637705,0.03193024960072797,On-track / underrun
PRJ-2024-003,PRJ-2024-003-SOV-07,2025-05-11,0.0,0.0,0.0,0.0,0.0,0.0,99.7,659600.0,661300.0,Equipment - RTUs/AHUs,928.0,80378.95999999999,522268.58999999997,884.0,44.0,99.7,659600.0,220,15100,52230,1.0,220.0,219.34,15054.7,52073.31,5.339127315721645,4.230874441487048,10.029487082729904,0.04741379310339718,0.9136560794420846,5.323109933774834,9.999398621481907,5.651416134920204,10.003480322825954,85336.38363729508,522481.7772611996,-4957.423637295084,-213.18726119963685,-5170.6108984947205,68.63636363636364,86.61525862068964,708.0,48594.545454545456,16684.414545454532,0.9419072681519558,0.9995919717726123,2024-06-30,27.2,0.37086092715222746,0.2673796791399168,0.0,1.2308467185761889,0.06562265425740786,0.04731197857479665,On-track / underrun
PRJ-2024-003,PRJ-2024-003-SOV-08,2025-05-11,0.0,0.0,0.0,0.0,0.0,0.0,99.6,526800.0,528800.0,Equipment - Chillers/Boilers,920.0,77182.04999999999,387592.86,872.0,48.0,99.6,526800.0,180,12050,38750,1.0,180.0,179.28,12001.8,38595.0,6.430872869069103,5.1316376617295205,10.042566653711361,0.05217391304342155,0.8822606492027317,6.40514937759336,10.002396387096773,5.651416134920204,10.003480322825954,68099.56442578846,387634.8625095057,9082.485574211532,-42.00250950572081,9040.483064705812,66.94444444444444,83.89353260869564,740.0,49538.88888888889,15593.161111111098,1.1333706850716445,0.9998916440384397,2024-06-30,28.6,0.6918724429095864,0.621600621588547,0.0,1.3127414569536338,0.1224246146929562,0.10999024078897236,On-track / underrun
PRJ-2024-003,PRJ-2024-003-SOV-09,2025-05-11,0.0,0.0,0.0,0.0,0.0,0.0,99.6,490900.0,492800.0,Equipment - Terminal Units (VAV/FCU),1686.0,140777.4,355077.76,1612.0,74.0,99.6,490900.0,200,13580,35520,1.0,200.0,199.2,13525.68,35377.92,10.408156928153673,8.463855421644258,10.036705380078592,0.043890865954896864,1.0100940313709494,10.366524300441826,9.99655855855856,5.651416134920204,10.003480322825954,76746.23111221637,355323.6210667779,64031.16888778363,-245.8610667778994,63785.30782100573,67.9,83.49786476868327,1486.0,100899.40000000001,26297.999999999985,1.8343233007655895,0.9993080642892664,2024-06-30,27.2,0.17586416009698086,0.14705882352670846,0.0,0.6959743838685535,0.031118600341460325,0.02602158821609467,Terminal units labor overrun (recurring)
PRJ-2024-003,PRJ-2024-003-SOV-10,2025-05-11,0.0,0.0,0.0,0.0,0.0,0.0,97.6,475300.0,487000.0,Controls - DDC/BAS Installation,1742.0,175086.27,171506.02000000002,1582.0,160.0,97.6,475300.0,420,29280,17150,0.95,442.10526315789474,431.4947368421053,28577.28,16738.399999999998,6.126764688591562,4.037129195931315,10.246261291401197,0.09184845005735255,0.7292074268882797,5.979722336065573,10.000351020408164,5.651416134920204,10.003480322825954,165473.4644304636,171559.68753646512,9612.805569536402,-53.667536465101875,9559.1380330713,69.71428571428571,100.50876578645234,1299.8947368421052,90621.23308270675,53643.98428571428,1.058092731494052,0.9996871785301642,2024-08-11,32.8,2.3988404638142247,1.3240418118375594,0.16666666666579863,0.14443937304075144,0.424467143477062,0.23428496150230307,Early drift recovered
PRJ-2024-003,PRJ-2024-003-SOV-11,2025-05-11,0.0,0.0,0.0,0.0,0.0,0.0,97.3,193300.0,198600.0,Controls - Programming & Commissioning,1236.0,109134.25,61292.71,1166.0,70.0,97.3,193300.0,170,11700,6130,0.9,188.88888888888889,183.7888888888889,11384.1,5964.49,9.586550539787106,6.725107309074104,10.276270058293285,0.056634304207073924,0.8816707708225511,9.327713675213674,9.998810766721045,5.651416134920204,10.003480322825954,66121.56877856639,61321.3343789231,43012.68122143361,-28.624378923101176,42984.05684251051,68.82352941176471,88.29631877022653,1047.111111111111,72065.88235294117,24068.367647058814,1.650509084957707,0.9995332067485133,2024-11-10,65.1,0.09999080966821589,0.0650582813765379,0.0,0.2230258513931871,0.01769305378747068,0.011511854694795827,Controls/commissioning labor overrun (recurring)
PRJ-2024-003,PRJ-2024-003-SOV-12,2025-05-11,0.0,0.0,0.0,0.0,0.0,0.0,97.6,309400.0,316900.0,Insulation,954.0,79932.11,88255.45,910.0,44.0,97.6,309400.0,320,22100,8820,0.85,376.47058823529414,367.43529411764706,21569.6,8608.32,3.705776185000941,2.5963755122880157,10.252343082040369,0.04612159329135627,0.5435926308985115,3.616837556561086,10.006286848072563,5.651416134920204,10.003480322825954,124896.2965817365,88230.69644732491,-44964.1865817365,24.75355267508712,-44939.433029061416,69.0625,83.78627882599581,577.5294117647059,39885.625,14046.485,0.639987831292838,1.0002805547823979,2024-11-10,64.8,0.5803977431428006,0.3689236111095988,0.0,0.4149888888888868,0.10269952330245383,0.06527985238332268,On-track / underrun
PRJ-2024-003,PRJ-2024-003-SOV-13,2025-05-11,0.0,0.0,0.0,0.0,0.0,0.0,97.9,111400.0,113800.0,"Testing, Adjusting & Balancing (TAB)",442.0,41378.479999999996,0.0,410.0,32.0,97.9,111400.0,0,0,0,1.0,0.0,0.0,0.0,0.0,,,,0.07239819004508508,0.37144057450628026,,,5.651416134920204,10.003480322825954,0.0,0.0,41378.479999999996,0.0,41378.479999999996,,93.61647058823529,442.0,0.0,,,,2025-02-23,88.3,,,0.07692307692011835,0.02333144278606942,,,Unbudgeted labor (scope/coding gap)
PRJ-2024-003,PRJ-2024-003-SOV-14,2025-05-11,0.0,0.0,0.0,0.0,0.0,0.0,97.8,108300.0,110700.0,Startup & Commissioning Support,330.0,26707.449999999997,0.0,314.0,16.0,97.8,108300.0,90,6350,4940,1.0,90.0,88.02,6210.3,4831.32,4.300508832100816,3.7491479208844676,0.0,0.04848484848470156,0.2466061865189266,4.2058976377952755,0.0,5.651416134920204,10.003480322825954,35886.4924567433,49417.192794760216,-9179.0424567433,-49417.192794760216,-58596.235251503516,70.55555555555556,80.93166666666666,240.0,16933.333333333332,3424.116666666663,0.7442201275998902,0.0,2025-02-23,88.0,0.32171796707224015,0.3030303030264769,0.0,0.018457494866529582,0.05692696473498243,0.053620242384988574,On-track / underrun
PRJ-2024-003,PRJ-2024-003-SOV-15,2025-05-11,0.0,0.0,0.0,0.0,0.0,0.0,97.5,101400.0,104000.0,Closeout Documentation & Training,420.0,34787.329999999994,0.0,392.0,28.0,97.5,101400.0,110,7700,3100,1.0,110.0,107.25,7507.5,3022.5,4.633676989676371,3.9160839160474024,0.0,0.06666666666650793,0.3430703155818506,4.517835064935064,0.0,5.651416134920204,10.003480322825954,43515.904238885574,31010.78900076046,-8728.57423888558,-31010.78900076046,-39739.36323964604,70.0,82.82697619047617,310.0,21700.0,5387.329999999993,0.7994164570928116,0.0,2025-02-23,88.5,0.6839181157824221,0.5136106830969326,0.0,0.05065826086956466,0.1210171219626639,0.09088176675443187,On-track / underrun
PRJ-2024-004,PRJ-2024-004-SOV-01,2024-12-22,40.0,3221.5199999999995,40.0,0.0,0.0,0.0,0.0,0.0,0.0,,3282.0,278575.35,0.0,3108.0,174.0,100.0,1139800.0,1020,70650,45600,1.0,1020.0,1020.0,70650.0,45600.0,3.9430339702759523,3.2176470588203747,0.0,0.053016453382067945,0.24440722056501119,3.943033970276008,0.0,1.4527686757590736,10.000242128387331,102638.10694237855,456011.0410544623,175937.2430576214,-456011.0410544623,-280073.7979968409,69.26470588235294,84.87975319926873,2262.0,156676.76470588235,51248.58529411763,2.714151284616293,0.0,2024-04-14,23.9,3.3345568791879745,2.6991549757867785,0.06686930091175249,0.20677620271759012,2.295311657343074,1.8579385823545016,Early productivity drift (hours-driven)
PRJ-2024-004,PRJ-2024-004-SOV-02,2024-12-15,0.0,0.0,0.0,0.0,0.0,0.0,100.0,321000.0,321000.0,Submittals & Engineering,1224.0,105433.87,0.0,1160.0,64.0,100.0,321000.0,280,19550,11630,1.0,280.0,280.0,19550.0,11630.0,5.393036828644225,4.3714285714129595,0.0,0.052287581699303684,0.3284544236760114,5.393036828644501,0.0,1.4527686757590736,10.000242128387331,28401.62761108989,116302.81595314466,77032.2423889101,-116302.81595314466,-39270.57356423455,69.82142857142857,86.13878267973855,944.0,65911.42857142857,19972.441428571423,3.7122474588833683,0.0,2024-04-14,23.1,9.464109121907537,7.513914656655627,0.024691358024640554,0.5767933873144321,6.514532749302289,5.172134268077787,Early productivity drift (hours-driven)
PRJ-2024-004,PRJ-2024-004-SOV-03,2025-01-12,0.0,0.0,0.0,0.0,0.0,0.0,99.7,1348700.0,1352200.0,Ductwork - Fabrication,1580.0,134287.52,523741.52999999997,1510.0,70.0,99.7,1348700.0,1240,86700,52400,0.85,1458.8235294117646,1454.4470588235292,86439.9,52242.8,1.5535362720225085,1.086323486588052,10.02514279479641,0.04430379746832639,0.4878987543560462,1.5488756632064589,9.995067366412213,1.4527686757590736,10.000242128387331,125955.04418831169,524012.68752749613,8332.475811688302,-271.15752749616513,8061.318284192137,69.91935483870968,84.99210126582278,121.17647058823536,8472.580645161295,23814.9393548387,1.0661543630344295,0.9994825362317877,2024-04-14,17.4,0.7098370653196575,0.5357804968462393,0.11764705882266437,1.5106287717806992,0.488609836290803,0.3687995930924747,Early drift recovered
PRJ-2024-004,PRJ-2024-004-SOV-04,2025-01-12,0.0,0.0,0.0,0.0,0.0,0.0,99.9,1813500.0,1815600.0,Ductwork - Installation,1818.0,158210.28999999998,648011.3099999999,1712.0,106.0,99.9,1813500.0,1900,131200,64800,0.8,2375.0,2372.6250000000005,131068.80000000002,64735.200000000004,1.2070781909958643,0.7662399241343378,10.01018472175864,0.058305830583026234,0.44456663909567107,1.2058711128048778,10.000174537037037,1.4527686757590736,10.000242128387331,190603.25025959045,648015.6899194991,-32392.960259590473,-4.379919499158859,-32397.34017908963,69.05263157894737,87.02436193619361,-557.0,-38462.31578947369,32672.605789473673,0.8300503253518657,0.9999932409286121,2024-04-14,18.6,0.8498459218462802,0.4889643463486384,0.08333333333294754,1.0465852060480254,0.5849836491121002,0.33657412509708723,Early drift recovered
PRJ-2024-004,PRJ-2024-004-SOV-05,2025-01-12,0.0,0.0,0.0,0.0,0.0,0.0,99.5,1333900.0,1341100.0,Piping - Hydronic Systems,1638.0,143625.09,546073.5,1534.0,104.0,99.5,1333900.0,1320,91650,54600,0.85,1552.9411764705883,1545.1764705882354,91191.75,54327.0,1.5749789865859403,1.0600730927357231,10.051604174719568,0.06349206349202473,0.517054194467351,1.5671040916530279,10.001346153846153,1.4527686757590736,10.000242128387331,133146.2491333191,546013.2202099483,10478.840866680897,60.27979005174711,10539.120656732644,69.43181818181819,87.68320512820513,85.05882352941171,5905.788770053473,29895.771818181813,1.078701734641611,1.000110399772761,2024-04-14,19.4,0.6920793471352414,0.4315057794424915,0.0,0.4491755274261586,0.476386473777212,0.2970230473340885,Early drift recovered
PRJ-2024-004,PRJ-2024-004-SOV-06,2025-01-12,0.0,0.0,0.0,0.0,0.0,0.0,99.7,976100.0,978600.0,Piping - Refrigerant,946.0,83263.90999999999,276121.14,902.0,44.0,99.7,976100.0,980,68150,27600,0.9,1088.888888888889,1085.6222222222223,67945.55,27517.2,1.2254505261933821,0.8713896792410044,10.034492608259196,0.04651162790692758,0.36818466345661266,1.22177417461482,10.004389130434783,1.4527686757590736,10.000242128387331,99006.18525298087,276006.6827434903,-15742.275252980879,114.45725650968961,-15627.817996471189,69.54081632653062,88.01681818181817,-142.8888888888889,-9936.609977324266,17478.297755102023,0.8409970521531421,1.0004146900638438,2024-05-26,33.0,0.1449316347628829,0.0890538033392698,0.0,0.10842376973073319,0.09976236208933507,0.0612993691039213,On-track / underrun
PRJ-2024-004,PRJ-2024-004-SOV-07,2025-01-12,0.0,0.0,0.0,0.0,0.0,0.0,99.8,2726900.0,2732100.0,Equipment - RTUs/AHUs,768.0,67539.62,2082115.31,732.0,36.0,99.8,2726900.0,770,52900,208100,1.0,770.0,768.46,52794.2,207683.8,1.2792999988634874,0.9994014002017029,10.025410311251962,0.046874999999938965,0.7883145439876781,1.2767413988657843,10.005359490629505,1.4527686757590736,10.000242128387331,76851.46294765499,2081050.3869174037,-9311.842947654994,1064.9230825963896,-8246.919865058604,68.7012987012987,87.94221354166666,-2.0,-137.4025974025974,14777.022597402596,0.8788332370394949,1.0005117237338772,2024-05-26,34.2,0.12372013840523749,0.09113693324185031,0.0,1.0883346693816298,0.08516162303364086,0.06273327247470961,On-track / underrun
PRJ-2024-004,PRJ-2024-004-SOV-08,2025-01-12,0.0,0.0,0.0,0.0,0.0,0.0,99.7,1632000.0,1637000.0,Equipment - Chillers/Boilers,982.0,85595.84999999999,1269595.6,940.0,42.0,99.7,1632000.0,630,43000,127050,1.0,630.0,628.11,42871.0,126668.85,1.9965909355974436,1.56342041998764,10.02295039388129,0.042769857433765,0.8303869178921565,1.9906011627906974,9.992881542699726,1.4527686757590736,10.000242128387331,62469.053057640165,1270530.7624116105,23126.796942359826,-935.162411610363,22191.634530749463,68.25396825396825,87.16481670061098,352.0,24025.396825396827,18570.45317460316,1.3702120610360402,0.9992639591529434,2024-05-26,34.2,0.14660682714537285,0.16708437760991793,0.0,0.9828796173788648,0.10091546540804584,0.11501099953687059,Late or gradual labor overrun
PRJ-2024-004,PRJ-2024-004-SOV-09,2025-01-12,0.0,0.0,0.0,0.0,0.0,0.0,99.4,990700.0,996300.0,Equipment - Terminal Units (VAV/FCU),1730.0,144859.44,838525.97,1630.0,100.0,99.4,990700.0,370,25200,83850,1.0,370.0,367.78000000000003,25048.800000000003,83346.90000000001,5.783089010251756,4.703899070083463,10.060673762311373,0.057803468208059074,0.9926167457353375,5.748390476190476,10.000309719737626,1.4527686757590736,10.000242128387331,36609.77062912866,838520.3024652777,108249.66937087134,5.667534722248092,108255.33690559359,68.10810810810811,83.73378034682081,1360.0,92627.02702702703,27032.412972972965,3.9568518843716487,1.0000067588713655,2024-05-26,33.1,0.6784827123194889,0.5225769576180078,0.0,0.28994863553668804,0.4670273548525909,0.35971105791171437,Terminal units labor overrun (recurring)
PRJ-2024-004,PRJ-2024-004-SOV-10,2025-01-12,0.0,0.0,0.0,0.0,0.0,0.0,97.2,1470700.0,1513000.0,Controls - DDC/BAS Installation,936.0,82030.09,613458.62,856.0,80.0,97.2,1470700.0,1450,99200,61350,0.95,1526.3157894736844,1483.5789473684213,96422.4,59632.2,0.8507368619739724,0.630906768837378,10.287371923222517,0.08547008546999416,0.4728963826749164,0.8269162298387096,9.999325509372452,1.4527686757590736,10.000242128387331,144114.6526353001,613514.8545765628,-62084.5626353001,-56.23457656276878,-62140.79721186287,68.41379310344827,87.63898504273504,-590.3157894736844,-40385.74228675137,17994.77965517242,0.5692002058327945,0.9999083402178487,2024-08-25,57.3,0.04493751055564859,0.03658903532522747,0.0,0.2956881180131378,0.03093232341428091,0.025185727026309897,On-track / underrun
PRJ-2024-004,PRJ-2024-004-SOV-11,2025-01-12,0.0,0.0,0.0,0.0,0.0,0.0,97.5,725400.0,743700.0,Controls - Programming & Commissioning,1212.0,101664.9,190885.41,1162.0,50.0,97.5,725400.0,790,54400,19080,0.9,877.7777777777777,855.8333333333333,53040.0,18603.0,1.9167590497737195,1.4161635832505364,10.261001451378258,0.04125412541250722,0.403295161290322,1.8688400735294117,10.00447641509434,1.4527686757590736,10.000242128387331,79030.6159612936,190804.61980963027,22634.28403870639,80.79019036973477,22715.074229076126,68.86075949367088,83.88193069306931,334.2222222222223,23014.796061884674,18205.65949367089,1.2863989315205373,1.0004234183184466,2024-08-25,56.3,0.15202434437362372,0.09712885311489666,0.0,0.1331564396654716,0.10464456372556781,0.066857755586786,On-track / underrun
PRJ-2024-004,PRJ-2024-004-SOV-12,2025-01-12,0.0,0.0,0.0,0.0,0.0,0.0,97.4,803000.0,824500.0,Insulation,954.0,83570.36,230996.96,884.0,70.0,97.4,803000.0,880,61600,23100,0.85,1035.2941176470588,1008.3764705882353,59998.40000000001,22499.4,1.3928764767060222,0.9460752286718264,10.266805337030751,0.07337526205443043,0.3917401245330007,1.3566616883116884,9.999868398268397,1.4527686757590736,10.000242128387331,89490.55042675894,231005.59316574736,-5920.190426758942,-8.633165747363819,-5928.823592506305,70.0,87.59995807127882,-81.29411764705878,-5690.588235294115,16790.359999999993,0.9338456355888615,0.9999626277929544,2024-08-25,56.9,0.0855636454933443,0.06111199872173682,0.1111111111080247,0.3505074429515881,0.05889695094763812,0.04206588405944245,On-track / underrun
PRJ-2024-004,PRJ-2024-004-SOV-13,2025-01-12,0.0,0.0,0.0,0.0,0.0,0.0,97.9,352100.0,359800.0,"Testing, Adjusting & Balancing (TAB)",350.0,29417.51,0.0,330.0,20.0,97.9,352100.0,0,0,0,1.0,0.0,0.0,0.0,0.0,,,,0.057142857142693876,0.08354873615450133,,,1.4527686757590736,10.000242128387331,0.0,0.0,29417.51,0.0,29417.51,,84.05002857142857,350.0,0.0,,,,2024-11-10,89.4,,,0.22222222220987653,0.0037857054070851346,,,Unbudgeted labor (scope/coding gap)
PRJ-2024-004,PRJ-2024-004-SOV-14,2025-01-12,0.0,0.0,0.0,0.0,0.0,0.0,97.6,316800.0,324700.0,Startup & Commissioning Support,288.0,22902.149999999998,0.0,278.0,10.0,97.6,316800.0,290,19850,11280,1.0,290.0,283.04,19373.6,11009.28,1.1821318701737837,1.0175240248692146,0.0,0.03472222222210166,0.07229214015151492,1.1537607052896723,0.0,1.4527686757590736,10.000242128387331,28837.458213817612,112802.7312082091,-5935.308213817614,-112802.7312082091,-118738.0394220267,68.44827586206897,79.52135416666665,-2.0,-136.89655172413794,3189.0465517241337,0.7941806040749001,0.0,2024-11-10,89.6,0.054610471392584195,0.030788177339782993,0.0,0.003337731958762875,0.03759061732691857,0.021192759612953086,On-track / underrun
PRJ-2024-004,PRJ-2024-004-SOV-15,2025-01-12,0.0,0.0,0.0,0.0,0.0,0.0,97.9,255200.0,260600.0,Closeout Documentation & Training,146.0,13394.4,0.0,138.0,8.0,97.9,255200.0,240,16450,10460,1.0,240.0,234.96000000000004,16104.550000000001,10240.34,0.831715260594004,0.621382362952752,0.0,0.054794520547569905,0.05248589341692769,0.8142492401215805,0.0,1.4527686757590736,10.000242128387331,23898.04471623676,104602.53266293148,-10503.64471623676,-104602.53266293148,-115106.17737916824,68.54166666666667,91.74246575342465,-94.0,-6442.916666666667,3387.3166666666652,0.5604809995890113,0.0,2024-11-10,89.9,0.21777388587791108,0.1668520578412734,0.1111111111080247,0.013745454545454488,0.14990265784345966,0.11485108435397802,On-track / underrun
PRJ-2024-005,PRJ-2024-005-SOV-01,2025-12-07,32.0,3075.4399999999996,32.0,0.0,0.0,0.0,0.0,0.0,0.0,,4718.0,409515.51,0.0,4434.0,284.0,100.0,942200.0,920,63850,38000,1.0,920.0,920.0,63850.0,38000.0,6.413711981205852,5.128260869559643,0.0,0.06019499788044506,0.43463756102738227,6.413711981205951,0.0,3.018231053306258,9.999958814104396,192714.0527536046,379998.43493596703,216801.4572463954,-379998.43493596703,-163196.97768957162,69.40217391304348,86.79853963543874,3798.0,263589.45652173914,82076.05347826083,2.1249903886765376,0.0,2024-05-26,11.9,7.235337549270909,5.754475703272246,0.05714285714276644,0.4917279069767398,2.397211286706463,1.906572293417382,Early productivity drift (hours-driven)
PRJ-2024-005,PRJ-2024-005-SOV-02,2025-06-15,0.0,0.0,0.0,0.0,0.0,0.0,100.0,480900.0,480900.0,Submittals & Engineering,1516.0,131095.66,0.0,1448.0,68.0,100.0,480900.0,470,32600,12810,1.0,470.0,470.0,32600.0,12810.0,4.021339263803558,3.225531914886754,0.0,0.04485488126646118,0.27260482428779315,4.021339263803681,0.0,3.018231053306258,9.999958814104396,98394.33233778401,128099.4724086773,32701.32766221599,-128099.4724086773,-95398.14474646132,69.36170212765957,86.47470976253298,1046.0,72552.3404255319,25943.319574468092,1.3323497079741844,0.0,2024-05-26,12.9,12.644768630804998,9.698169222996897,0.051020408163178536,0.8604580906148728,4.189463431821791,3.213196421513205,Early productivity drift (hours-driven)
PRJ-2024-005,PRJ-2024-005-SOV-03,2025-12-14,0.0,0.0,0.0,0.0,0.0,0.0,99.9,1391000.0,1392000.0,Ductwork - Fabrication,2452.0,211441.87,592446.32,2272.0,180.0,99.9,1391000.0,1240,85750,59300,0.85,1458.8235294117646,1457.364705882353,85664.25000000001,59240.700000000004,2.4682626649973294,1.682488940552302,10.000663732872669,0.07340946166391786,0.5779210567936732,2.4657944023323615,9.990663069139966,3.018231053306258,9.999958814104396,258813.31282101164,592997.5576763906,-47371.442821011646,-551.2376763906796,-47922.680497402325,69.15322580645162,86.23241027732463,993.1764705882354,68681.35673624289,41878.16032258064,0.8169667457414378,0.9990704215750811,2024-06-23,19.3,0.6481125092523664,0.4830352665869523,0.08823529411699828,0.8277264979531046,0.21473256937293536,0.16003919444728468,On-track / underrun
PRJ-2024-005,PRJ-2024-005-SOV-04,2025-12-14,0.0,0.0,0.0,0.0,0.0,0.0,99.7,1382600.0,1387100.0,Ductwork - Installation,2388.0,200141.86,490497.39999999997,2260.0,128.0,99.7,1382600.0,1260,86900,49050,0.85,1482.3529411764707,1477.9058823529413,86639.3,48902.85,2.3100585992730513,1.6157997802921673,10.03003710417675,0.05360134003347839,0.49952210328366814,2.303128423475259,9.999946992864423,3.018231053306258,9.999958814104396,262284.2785323138,490497.9798318206,-62142.41853231384,-0.5798318206216209,-62142.99836413446,68.96825396825396,83.81149916247905,905.6470588235293,62460.8963585434,35445.66952380952,0.7630722704907718,0.9999988177711134,2024-06-23,19.4,0.6102707223612511,0.43814432989538366,0.06349206349155959,0.9332999999999965,0.20219483246338876,0.145165933956667,On-track / underrun
PRJ-2024-005,PRJ-2024-005-SOV-05,2025-12-14,0.0,0.0,0.0,0.0,0.0,0.0,99.9,1376000.0,1377100.0,Piping - Hydronic Systems,2348.0,208793.56999999998,497916.97,2234.0,114.0,99.9,1376000.0,1300,89550,49800,0.85,1529.4117647058824,1527.8823529411768,89460.45000000001,49750.200000000004,2.3339204084039102,1.5367675367665306,10.008341071995488,0.04855195911411902,0.5135977761627903,2.331586487995533,9.998332730923694,3.018231053306258,9.999958814104396,270282.59082357545,497997.9489423989,-61489.02082357547,-80.9789423989132,-61569.99976597438,68.88461538461539,88.9240076660988,818.5882352941176,56388.135746606335,47052.49307692306,0.7725009934772614,0.9998373909122059,2024-06-23,18.7,0.5383733880334209,0.335664335663162,0.08333333333246527,0.03509349941611509,0.1783738151077921,0.11121227289218075,On-track / underrun
PRJ-2024-005,PRJ-2024-005-SOV-06,2025-12-14,0.0,0.0,0.0,0.0,0.0,0.0,99.8,925000.0,926700.0,Piping - Refrigerant,1118.0,99067.2,289805.52999999997,1064.0,54.0,99.8,925000.0,950,66850,28970,0.9,1055.5555555555554,1053.4444444444443,66716.3,28912.06,1.484902490096101,1.0612804556471311,10.02369011409045,0.04830053667258649,0.42040295135135086,1.4819326851159311,10.003642733862616,3.018231053306258,9.999958814104396,201768.74591352337,289698.8068446043,-102701.54591352337,106.7231553956517,-102594.82275812772,70.36842105263158,88.61109123434704,62.44444444444457,4394.116959064336,20395.305263157894,0.4909937835943881,1.0003683933930116,2024-10-06,39.7,0.2485627999072984,0.18136020151090224,0.18421052631336565,0.017935617183251717,0.08235380109573177,0.06008824316221475,On-track / underrun
PRJ-2024-005,PRJ-2024-005-SOV-07,2025-12-14,0.0,0.0,0.0,0.0,0.0,0.0,99.8,1665400.0,1669400.0,Equipment - RTUs/AHUs,1242.0,109212.29,1358710.17,1192.0,50.0,99.8,1665400.0,380,25800,135900,1.0,380.0,379.24,25748.4,135628.2,4.241517531186238,3.2749709946121848,10.017903135188625,0.040257648953268714,0.881423357751891,4.233034496124031,9.997867328918321,3.018231053306258,9.999958814104396,77870.36117530146,1358994.4028367873,31341.928824698538,-284.23283678735606,31057.695987911182,67.89473684210526,87.93260064412237,862.0,58525.26315789473,24887.026842105257,1.402488550399211,0.9997908505200053,2024-10-06,39.2,0.38588830881185865,0.2819548872161523,0.047619047617913836,0.20928324175824142,0.12785247446887568,0.09341726400100266,Late or gradual labor overrun
PRJ-2024-005,PRJ-2024-005-SOV-08,2025-12-14,0.0,0.0,0.0,0.0,0.0,0.0,99.9,1260700.0,1262400.0,Equipment - Chillers/Boilers,1082.0,91766.15999999999,1022451.38,1036.0,46.0,99.9,1260700.0,380,25700,102050,1.0,380.0,379.62000000000006,25674.300000000003,101947.95000000001,3.574241946226242,2.8502186396848153,10.029150953991618,0.04251386321622688,0.8838086301261198,3.5706677042801553,10.019121803037727,3.018231053306258,9.999958814104396,77568.53806997083,1020495.7969793536,14197.621930029156,1955.583020646358,16153.204950675514,67.63157894736842,84.81160813308686,702.0,47477.36842105263,18588.79157894735,1.183033253595867,1.0019163066856123,2024-10-06,39.9,0.5322469598119294,0.4089170294129475,0.032258064515608746,0.010831156975590374,0.1763440075446002,0.1354823477909438,On-track / underrun
PRJ-2024-005,PRJ-2024-005-SOV-09,2025-12-14,0.0,0.0,0.0,0.0,0.0,0.0,99.8,925900.0,927500.0,Equipment - Terminal Units (VAV/FCU),2652.0,231381.05,708978.4199999999,2476.0,176.0,99.8,925900.0,290,19970,70880,1.0,290.0,289.42,19930.06,70738.24,11.609651451123998,9.163153893963226,10.0225623368632,0.06636500754145311,1.0156166648666152,11.586432148222332,10.002517212189614,3.018231053306258,9.999958814104396,60274.074134525974,708797.0807437196,171106.97586547403,181.33925628033467,171288.31512175436,68.86206896551724,87.2477564102564,2362.0,162652.2068965517,48758.84310344826,3.8388154981345184,1.0002558407621853,2024-09-29,39.6,0.2593587350722726,0.2612330198514347,0.0,0.28062320261437834,0.08593070921533087,0.08655169705404785,Terminal units labor overrun (recurring)
PRJ-2024-005,PRJ-2024-005-SOV-10,2025-12-14,0.0,0.0,0.0,0.0,0.0,0.0,97.5,1022300.0,1048100.0,Controls - DDC/BAS Installation,1214.0,103002.98,449384.93000000005,1164.0,50.0,97.5,1022300.0,960,66400,44950,0.95,1010.5263157894738,985.2631578947369,64740.0,43826.25,1.5910253320975967,1.232158119656869,10.253784661019134,0.041186161449718955,0.5403383644722679,1.5512496987951807,9.997440044493883,3.018231053306258,9.999958814104396,200410.54193953556,449498.1486939926,-97407.56193953556,-113.21869399253046,-97520.78063352809,69.16666666666667,84.84594728171334,203.47368421052624,14073.596491228067,19034.64666666665,0.5139598893802093,0.9997481219015693,2025-04-06,62.9,0.13567146168138047,0.10383545309999562,0.0,0.2830512446873098,0.04495065461864205,0.03440275155603097,On-track / underrun
PRJ-2024-005,PRJ-2024-005-SOV-11,2025-12-14,0.0,0.0,0.0,0.0,0.0,0.0,97.5,530900.0,544600.0,Controls - Programming & Commissioning,1920.0,164656.55,187299.45,1834.0,86.0,97.5,530900.0,500,34950,18730,0.9,555.5555555555555,541.6666666666666,34076.25,18261.75,4.832003228054589,3.544615384608841,10.256380138814174,0.04479166666664334,0.662942173667356,4.711203147353362,9.999970635344368,3.018231053306258,9.999958814104396,105487.17531305373,187299.22858817532,59169.37468694626,0.22141182469204068,59169.596098770955,69.9,85.75861979166666,1364.4444444444443,95374.66666666667,30448.549999999977,1.5609153383507612,1.000001182028812,2025-04-06,63.2,0.26962206406981626,0.17088607594888042,0.06666666666555555,0.39863429235687187,0.08933115431475441,0.05661795696690247,Controls/commissioning labor overrun (recurring)
PRJ-2024-005,PRJ-2024-005-SOV-12,2025-12-14,0.0,0.0,0.0,0.0,0.0,0.0,97.6,793200.0,812400.0,Insulation,1514.0,129620.59999999999,314040.39999999997,1456.0,58.0,97.6,793200.0,850,59450,31400,0.85,1000.0,976.0,58023.2,30646.399999999998,2.233944353293127,1.551229508195132,10.247219901847844,0.038309114927319476,0.5593305597579417,2.1803296888141293,10.001286624203821,3.018231053306258,9.999958814104396,179433.83611905706,313998.70676287805,-49813.23611905707,41.693237121915445,-49771.54288193515,69.94117647058823,85.61466314398943,514.0,35949.76470588235,23729.65882352942,0.7223866064539061,1.0001327814567695,2025-04-06,62.6,0.1490446236400189,0.11821086261961947,0.027027027026661796,0.6287373598268726,0.049381449252326,0.039165610747713374,On-track / underrun
PRJ-2024-005,PRJ-2024-005-SOV-13,2025-12-14,0.0,0.0,0.0,0.0,0.0,0.0,97.9,339800.0,347100.0,"Testing, Adjusting & Balancing (TAB)",582.0,49418.71,0.0,536.0,46.0,97.9,339800.0,0,0,0,1.0,0.0,0.0,0.0,0.0,,,,0.07903780068714943,0.14543469688051752,,,3.018231053306258,9.999958814104396,0.0,0.0,49418.71,0.0,49418.71,,84.91187285223367,582.0,0.0,,,,2025-09-07,90.4,,,0.052631578946675896,0.01993707363723296,,,Unbudgeted labor (scope/coding gap)
PRJ-2024-005,PRJ-2024-005-SOV-14,2025-12-14,0.0,0.0,0.0,0.0,0.0,0.0,97.7,368800.0,377500.0,Startup & Commissioning Support,512.0,44314.31,0.0,494.0,18.0,97.7,368800.0,400,28200,14170,1.0,400.0,390.8,27551.399999999998,13844.09,1.6084231654289216,1.3101330603855934,0.0,0.03515624999993134,0.12015810737527081,1.5714294326241134,0.0,3.018231053306258,9.999958814104396,85114.11570323649,141699.4163958593,-40799.80570323649,-141699.4163958593,-182499.2220990958,70.5,86.55138671875,112.0,7896.0,8218.309999999998,0.5206458367002825,0.0,2025-09-07,90.5,0.08853258101171235,0.08839779005500444,0.0,0.006614285714285694,0.02933260556225428,0.02928794663645216,On-track / underrun
PRJ-2024-005,PRJ-2024-005-SOV-15,2025-12-14,0.0,0.0,0.0,0.0,0.0,0.0,97.7,151400.0,155000.0,Closeout Documentation & Training,592.0,50603.909999999996,0.0,554.0,38.0,97.7,151400.0,140,9770,5950,1.0,140.0,136.78,9545.289999999999,5813.15,5.301453386957829,4.328118145896124,0.0,0.06418918918908076,0.3342398282694826,5.179519959058341,0.0,3.018231053306258,9.999958814104396,29488.11739080214,59499.75494392116,21115.792609197855,-59499.75494392116,-38383.9623347233,69.78571428571429,85.4795777027027,452.0,31543.14285714286,9290.767142857138,1.7160780158523437,0.0,2025-09-07,90.1,0.6475620742106579,0.42809576660513643,0.222222222218107,0.04080415175375777,0.2145501992919824,0.14183664500911924,Schedule pressure / overtime-driven labor leak
